4036,0.3388965389431675
2883,-0.27274418394397415
4162,-0.16673635698450973
4640,0.49463968449529894
2430,1.6356128935926026
449,0.9243087479714607
4179,-0.720855156752366
4763,0.3126432790985971
749,-0.00935922936892375
2525,-0.24033981320235132
275,0.25384930319417887
1090,0.12579302205019793
3417,0.2200684947006426
2396,-0.04597111368262041
3438,-0.5882271248283706
509,0.25924002325042483
4423,-0.36544967007918405
1004,0.05738427294261328
171,0.7463284687778664
4978,-1.105901957306827
1995,0.33921685047556505
354,-0.6697852907105535
2787,0.04907523032181427
746,-0.2230030350880332
4498,-0.16282515287608135
1820,0.038674855196640046
2086,1.0298469648839497
735,0.5407051925462047
1405,-0.345881969563421
3528,1.037517837716127
1807,0.6301053704570139
4686,-0.05476037169605963
475,-0.19453748858615683
1256,0.012656823958251628
4695,-0.0010920371466776047
1493,-0.8941440316499207
1242,0.05208728569442389
3011,-0.6239878267521553
3378,-0.16506704533642225
75,0.5870796569736143
73,-0.9861398272217317
1263,-0.793780408731128
3044,0.024047342284183593
3021,0.5949736739260505
3198,0.3996782458127708
3446,-0.997543863536344
2493,0.021349952370022685
896,-0.5441881194942022
1399,-0.07944807776787588
711,0.7721791439581285
4497,0.4259584458823955
2834,-0.190450867537316
4463,0.31156791276103846
2857,0.33347487440069656
3735,0.11484345196489443
3817,1.0634321009343308
4693,0.25433654538413286
2156,-0.520532452240654
2097,0.35136415187450964
816,-0.07517673169610006
1400,-0.5898721973256009
3822,-0.17090282318698424
137,0.7855279232631212
957,-0.3674481303486985
3820,0.009622917170074352
2644,-0.345670105248173
2797,0.13812307002763635
524,0.3503230284530403
582,0.6781315206365974
3300,-0.2226664283307933
972,-0.21725568346323954
1860,-0.15647523877080616
2487,0.17270575742189376
1147,0.11955773201702513
1334,-0.5103396500330017
523,0.8206100119153765
3002,-0.16562814694747807
2905,0.3434906514419849
1395,-0.01608337052641229
3070,0.31844331846658314
4644,0.7422474193354676
2750,0.25478539833211133
3269,0.24173428259084684
3811,0.7313231054975509
1839,0.011305862736608496
773,0.2506191339785131
3450,0.43956314085844816
2095,0.9459959289309152
2111,1.2665297225216054
445,0.014876237699866124
2973,-0.14883890109934317
4802,-0.9442699924238696
1207,0.0017823160612433497
1738,-0.04587584833413327
366,0.10652646630627238
804,-0.21602594327530866
3842,-0.08405421538011648
551,-0.5330147806097347
2305,0.617553031246624
1726,0.006374728818221875
1062,-0.10446848819455301
3108,-0.8486664860634638
3857,0.6394590209881983
4181,0.26819253766421447
4941,0.8676814106414383
1227,-0.011901598024960158
185,-1.4738001668856597
4933,0.9698230031723778
4830,0.900590091427139
228,1.2994687725725127
2102,0.11887195473479295
1941,-0.3625897331971428
799,-0.02545752162280568
1083,-0.24536520875045298
586,0.4212899792696758
2364,1.9003282645257968e-06
1974,-0.29937014217930713
4079,0.7394180248969491
1448,0.460553307383039
2780,0.039910278130674826
4395,0.42435628842170026
4692,0.3154983709802597
2517,-0.22817089804425628
2007,-1.28852116312303
3921,-1.1063171871746906
3436,0.1705236773506824
2431,-0.7382213320293367
4246,-0.5280703177215766
994,-0.5426133321064182
1854,0.10264174172762264
4587,0.9100660455255474
584,-0.7844003293568269
1882,0.19200064884189683
4265,-0.3990689891429815
4834,-0.8352230160388459
153,0.840491931143931
1727,0.691076308056048
3371,-0.2901669731910479
3061,-0.0034506880501767867
1490,0.7414793515124343
3814,0.8965540019250318
2715,-0.14710083496717008
4466,0.35183429329448934
3115,-0.1982454570753207
3350,0.31715310674619435
3290,-0.03262428559665942
86,0.402327003483232
4885,-0.3544459064598877
885,-0.5956905678119382
4081,0.8257984761994681
314,0.4162539003250547
988,0.3092442195360663
1294,-0.31636885438479023
242,0.23475493957440197
2954,-0.8181877521052012
2417,-0.02309538278623613
2073,-0.03554773953370027
3171,0.8188422689019541
2617,0.3402881667658342
1185,0.14841891799253926
3529,-0.6296441102455761
2082,-0.321652821565511
2984,-0.8575597748899755
337,0.3207568259947555
2677,-0.18651135404349972
3819,0.6067906278915665
1238,-0.17236221792208894
305,-0.1499570858308097
512,0.232666253326407
2896,0.31711617384280544
45,0.08516146577500905
3420,-0.38746430007471133
3415,0.224505503129099
4040,-0.13242476037123208
3715,0.5286310282710076
2790,-0.9365345504895668
1148,-0.2563795766786363
98,0.2422959336391175
2391,-0.4413566959404678
4818,-0.7790024995943741
2861,0.7044071231295961
4487,0.5371115647098872
593,-0.4851367750285487
2323,-0.41269486648586984
2070,0.79785376194243
3509,0.8428291846242288
2342,-0.7319048623101239
4790,0.43904199257541343
4215,0.6706419236690584
4336,-0.16938261451595693
3597,-0.2686203385550954
976,-0.9671862228039094
2559,0.2584613062304042
3274,0.13687466199227138
2706,0.04874144138797476
1707,0.2003304965489816
1156,0.6161414996561856
993,-0.581718764106995
4415,-0.22617710694938786
4416,-1.292055912862974
3043,-0.051418724413080596
2561,0.3354999343810938
1000,-0.09497107048574005
1986,0.15993623274193247
417,0.9409203616535189
2014,0.2560697218479451
967,0.5474041506619143
4208,0.4351114590586018
2220,0.9822106444375089
4350,0.6338243559786578
3053,-0.12794451418257324
758,-0.6865693384908678
698,0.9282767341947489
3296,-0.1421923265592051
4358,0.6098467171767163
2650,0.9859321205471554
252,-0.07116957950271718
2968,-0.37094756852017596
2545,0.9956667456811523
4304,-0.7829360808312673
2885,1.5903756543522203
4139,0.6350415558984821
2061,0.13144582627543677
1082,0.44412015901970925
4789,-0.3076915191377516
1566,0.21443814874202705
3293,1.0182201945869611
2438,0.07531413382654595
1758,0.30227251875839123
4074,-0.3512332344894764
4827,0.44064233359363136
2283,0.6958215963940999
1413,0.08604627729731007
4290,0.2192506950846056
3461,0.19441117699378907
2131,-0.4641695715557521
1032,1.2712657168280534
318,0.6288483889169338
284,1.008754474259498
4812,0.5632697431457405
1416,-2.0945348163421427
3421,-0.0008701667496264776
2683,-0.09788979711496193
605,0.04050288565230531
1376,-0.23651399922264016
2361,0.7816773699503772
4325,0.13046636782584287
673,0.7279805278408906
1824,-0.3588969590541815
384,0.7784058407531091
756,1.1366738689095728
3025,0.3525368067864232
3567,0.18736168722511426
4468,-0.16223470795218464
446,-0.5247086925425712
2053,-0.95083117712504
2484,0.5552938064268442
4843,0.6314461396495794
4919,0.5678398312876869
225,0.06614547210355948
2135,-0.801381786787017
3559,0.2091102562159488
2908,0.5636272097253068
971,-0.8971837745342555
1913,-0.3140667766414662
2613,-0.12628228493025162
2198,-0.3402246727190237
697,0.6654431925777953
615,0.14879687217294002
2238,0.6725612006069861
2690,0.19499092616146818
1964,0.5307401365517839
2247,0.6492153599379433
2083,-0.4879084185039222
866,0.33957994710001227
4389,1.2238494322649975
3973,0.02415264349746682
583,-0.20146182133626223
1268,0.14813671473905554
3867,-0.23655360751586585
4297,0.13284162359188034
1059,0.24966422589434778
1430,-0.08836785004668979
4424,0.6371189195943181
733,-0.9529516956576316
2805,0.6158688786261752
4238,1.144071991517169
3407,0.3824098769539672
4448,0.06874327475050457
992,-1.1069909129052578
4335,-0.08781114453695338
2291,0.33816598119506835
3384,0.013609493564214148
2731,0.024651156501400706
2728,-0.9771582731996711
396,-0.08569416435015764
2718,0.08703219741540735
1831,-0.3919549165141678
50,-0.07804849204177344
3692,0.11508335890735744
322,0.7587566502830256
914,-0.19367973839653274
3879,0.5149809534566581
633,-0.287875836596613
2371,0.283894112564421
3122,-0.22803013299501096
1993,0.6288740909024133
2769,-1.2848512028900814
4373,-0.005240811540744517
813,-0.41596261323711037
178,-0.5367870283988445
4270,-0.2537518850318321
3625,0.7803720310269329
1848,-0.11720424204988067
2962,-0.34482032414490416
1302,0.3088058349936782
1599,-0.4432669900154851
1584,-0.8667282212032204
4629,0.5941873948835772
1563,0.029530766897863714
861,-0.4258799352027838
2162,0.06013558509170025
3688,-0.09849650699176937
1012,0.2926804525678737
149,0.1772726453202642
2631,0.307816113018899
4743,0.48134823603616805
2503,-0.9822973906681627
4691,-0.01825497154381228
3362,-0.025902867781271155
1286,-0.3811817513317095
1838,-1.3736853710145303
4525,-0.49422955785423284
637,-1.4686040215698482
960,-0.16956777968775505
4754,0.6582699958759273
1262,-0.9493531082921898
4378,-0.8206880520266706
2063,0.18085474618543795
905,0.1778233396738953
3459,-0.015949759353580006
860,-0.24519281212473398
2167,0.06162782907316089
2232,0.07088408123920154
4699,-0.08056765935090393
1046,0.1092579281986028
1008,0.5072066064801817
1588,-0.24694467364950778
3678,0.14089538933039414
1785,-0.8662289109052734
1630,-0.13761411727903372
343,-0.01032570925552001
116,-0.13229858977769826
2961,-0.27497384494458554
2732,-1.2192577966639986
79,0.8874786663982084
4167,-0.05845678129685883
18,0.8120849760581352
2589,0.5430394734848774
3784,0.13660449725496449
378,-1.022535892358544
3889,-0.32811867718990406
1817,0.014983125344166126
415,0.7322097698320063
4385,0.17046864389454264
383,1.0583906666706095
3076,0.005776086868994668
1818,0.8885961789098795
263,-0.5106894013144325
2381,0.5383034469387047
1545,0.6115688469431042
42,-0.24786209508592716
969,0.36854585614315116
3961,0.5364366218655183
310,-0.21485294546936995
4154,0.609064574784159
575,0.5814030221571187
1167,-0.16527285394293934
10,0.814345031330121
3951,0.47605576633520297
4982,-0.22999476166314992
568,-1.186027091986496
58,-0.8073965098642946
3174,-0.27673725086735246
2101,-0.282417280900753
732,0.1623396437516531
2590,-0.9555506896776302
1041,-0.555392515796842
4161,0.649648497426683
3139,-1.4408090595521186
618,0.11540546989157452
1955,-0.6772013665220706
4158,0.5587529845624477
2791,-0.39335041878239885
2319,0.018646864378462524
691,-0.3368733113167206
4690,-1.065080807264943
2340,-0.3431438778176519
4037,0.05549350711109291
4854,-0.7354752922290686
4220,0.22822650262095756
2764,0.4838663478511238
681,-0.8204181100625538
1650,0.071075028552948
104,1.097517333919706
3263,0.1405170006958807
3916,-0.14196356782313568
4247,0.13811944082870298
1225,0.29153711117478576
4150,0.3050791783530338
1633,0.17534393447527208
1530,-0.1162244023033514
4205,0.47464444970191977
3492,0.11207362095989204
3281,0.28800117577814266
1161,0.1638322337463709
3987,-0.5009061713761733
2595,-0.7863857506566916
4311,0.8740273322273406
4126,-0.9344929252528011
465,0.32828102055642105
3228,0.11317147064482835
1523,0.599319820671318
65,0.13615118067227616
4791,0.657721837191084
1006,-0.15705132509950115
3606,-0.2562542179300298
2064,0.13182617280857656
2265,-1.3906662018734464
2036,-0.5562544575262809
4720,0.12819164193897858
815,-0.5518047054319126
207,0.32010381975864544
59,0.8703659148222043
2508,-0.4769982192118416
769,1.6273471287484584
1018,-0.07652293468341309
1107,0.3314305650976035
4475,0.06857515861382968
2713,-1.0103005478196643
2112,0.6821331965813098
2916,-0.5233123939842494
1671,0.07069105602984571
303,0.7804932395430679
4675,0.07733024671710176
2455,-0.341297261792878
2840,0.1906689345681416
3403,0.12492321699202957
1511,0.8736311491776316
2153,0.26445448001795224
532,-0.9486297788557483
925,-0.1541390439412753
4918,0.21608415328748354
1276,-0.5538387595375518
2663,-0.2781956088263948
3863,0.6514378725218792
712,-0.36614895668137226
539,0.5771295712935487
4594,-0.121305742923286
4367,0.8626790751074358
2405,0.8310211907743996
834,0.23679521193077946
2288,-0.4824273076452563
4949,-0.2586170365820788
3376,-0.09086899652066194
2532,0.4844303402421657
101,0.3472777992669869
3071,-0.011517729716305602
1970,-1.4418638070262588
3243,0.39462022618935677
2930,-1.3002615806532116
412,1.0289536777390582
857,-1.1200092082945465
766,-0.4852692537809462
1315,0.09029705319549475
2906,-0.3313407315431567
1051,-0.7366156988230292
4787,-0.2955585689050766
3789,-0.24624499332151828
2953,0.8016330211666709
4510,-0.48340558410094747
916,0.7377680811972214
3075,-1.1778982500247048
3513,0.5925674928730409
3307,-0.1165367377914297
4189,0.7950913534582673
3908,-0.3858556258576762
1497,0.8165027264464477
1967,0.28764809261257707
1983,0.37198922694813863
4347,-0.20512700852585475
876,0.6319138182285604
429,-0.0631009260845552
3855,0.409386210164147
1421,0.552738041529313
3904,0.10115493921453567
4867,-0.09377607482132877
2730,0.4440931037267246
1337,-0.19888992498398306
28,0.144481498725769
2742,-0.18755887243033964
4303,0.012441169952143838
1640,0.39277408038216954
184,-0.3316996744290748
520,-0.38515883388940697
1411,0.4430655551258633
1110,-0.17697297182921545
3631,-0.18231055902446336
3225,0.5340492255076672
3782,0.23001854893857399
265,0.4854823841738849
114,0.016562072195294597
1171,-0.19284404117442744
3488,-0.20132853760171443
4652,-0.40533914729491993
1155,0.625146020702716
1001,0.05562361421889861
3445,-0.0015676761581815413
2496,0.38560796482577864
2254,0.5915058966450539
1644,0.3133715466597078
1642,0.01857312920768095
2115,0.03776122450861674
4377,0.34621673285815024
1617,0.075372129169061
4944,0.1706143462017824
2832,-0.2729021004115646
1698,0.16309994431680597
1016,-0.18938910664926034
1432,0.5380315211797324
2960,0.09751567669685812
4996,-0.4468284113593448
1270,-0.21582701071759303
3644,0.577424211801219
3114,-0.4359806009226519
1519,0.2115131399562653
3131,1.0034172051883594
2318,-0.09301981511784962
4146,1.254272608402852
3647,-0.3542373558942975
3455,-0.05378268799470387
2542,0.8445982149896079
2286,0.09576786419480321
893,-0.2298515253313944
4397,0.5587790708498988
3236,0.003487770528266765
2636,-0.33777106274537694
220,-0.14731368352434604
2504,0.47228379448935076
4276,-0.4840177527438154
4749,-0.04198603977081472
3181,-0.2481458794915712
2204,-0.7101517959282626
2039,-0.4525292038887798
4014,-0.3009673068677188
2823,0.36112636245567487
1938,0.7932278235141146
2929,-0.5926775851382242
792,-0.02548592997672383
2499,-0.07663386864175958
2384,0.20898540144202382
4107,-0.05974340816233603
4934,-0.4521247830689141
4153,0.1351068982052528
4621,0.3934843448362786
4558,0.14010417684005727
4187,-0.7067248313996561
3584,-0.2825396203581798
3530,-0.6126025149696934
4707,1.2841793799047663
875,-0.38496905232188716
3525,0.36948578297544277
103,0.595966816421317
3113,0.10510351061016454
1516,0.15911052534622527
307,0.37278025078109867
4339,0.3859122244425839
2128,-0.6126226468382843
46,0.22946229980358712
4798,-0.20797312704863735
3232,0.7002015504473889
2149,-0.5204304970272906
3399,0.6290096717321214
4607,0.5078222748389898
1750,-0.7358069495257231
814,-0.33098169749200856
1010,-1.459556153216381
4192,0.6792696432642167
2765,-0.25727881126785945
235,-0.559882717046146
1691,-1.3781156602846334
3501,0.6725985070401386
1740,0.32977183828236534
3343,-0.5838419386453895
2003,-0.5256097090412135
3127,0.12555096398288867
3125,-0.18853290021319768
2740,-0.669244084652866
2290,-0.18581492232806696
3428,0.03669832171694232
206,0.6577277592001982
2012,-0.29481375767441076
4861,-0.17771956584362414
1331,0.17414736774845263
4125,0.1698312116464269
4882,-0.8980589204781744
3030,-0.2763545528166471
3826,-0.36422504510126696
2901,0.18501379566514853
2655,0.3203278912781693
4711,-0.18778193169774138
3910,0.003071021727906853
1805,-0.15509605021135808
776,-0.4355665993394515
3844,-0.17634979504250037
830,-0.327940787366793
1851,1.2840941271721364
3172,-0.12324758719532536
1865,-0.33065474394429906
1275,0.27539212413024305
4883,-0.003798872556065369
3608,0.747798596695846
917,-0.45776687370488744
2386,-0.5727962479901265
2106,0.39559727993998717
1701,-0.49751130212230876
1117,0.22166387400431464
2676,0.2834041864295358
3738,-0.33596593427540267
3195,0.1351953267472954
404,0.8276615258556097
854,1.3405705654883011
215,-0.34240127709208323
4886,0.23532337901154587
344,-0.257793192780289
2550,0.22739986380785382
3194,-0.043448993906985756
217,0.5011130933742773
3297,-1.8221388420636782
1310,-0.09225753497986577
3480,0.18551890791021464
4985,0.18899258710081934
2055,-1.1284566944519323
1402,-0.07539800189542589
791,-0.7980180928172906
3521,-0.4321569114368762
1482,-0.768938148024187
2659,-0.17487716668629538
3029,0.109827794251947
1866,-1.4049268839299494
1732,-0.4477415785684533
1453,0.13283574775506057
707,0.0941384816671702
308,0.6318686547010612
4447,0.3592480927958155
2099,-0.8669744157186461
2308,-0.6271930129185881
3210,0.23924572835164604
3312,-0.0312621967588429
1178,0.0668969700634392
4838,0.8538933565245435
1344,0.07816959800103884
807,0.2618601754455865
937,0.10738445829453092
3887,-0.007149383239500651
4748,-0.33354780931026884
3056,0.09428643791199143
246,-0.2676060368050557
186,-0.15598731460035964
4681,-0.675098732775127
1203,0.9807989721108692
421,0.6251292358829703
1804,0.031291636680554014
1224,-0.7546387287712983
4204,0.33653613226305534
3499,-0.7604606892929375
693,-0.02702459859418127
956,0.4957842523852811
4369,0.6284436440358716
4737,-0.49967794394695453
4267,-0.967635411921834
2032,0.13157200612456865
493,0.40616142812662037
4291,-0.7923940640721732
2943,-0.8051667132104425
4049,0.8833594970289527
1833,-0.7395302047296495
1636,0.7824119296405776
945,0.5596705685045569
190,0.17775143640707025
1199,-1.427341240011632
4678,-0.17016115959931621
798,-0.7958188970430786
2951,-0.2166628667737065
4704,0.09686984136241428
4565,-0.486274225387092
904,-0.500582654525358
560,0.7037950246314431
717,-1.1168777174203584
4427,0.6656287906638481
2166,-1.0112734914856114
2719,0.9754758567959776
1188,-0.23392029240217127
91,0.32991107627402805
1216,0.41316302953198747
1998,0.28033019797327885
141,-0.07355542904458812
2852,-0.16106740040716705
4948,-0.21946765371084442
2327,-1.3863814251287776
1233,0.2258629373857639
431,-0.569564400802343
4012,-1.084743624842024
3104,0.21372480466730703
3257,0.9534864539952217
470,-0.008036416945762959
4025,-1.3781156602846334
4698,-1.2591403355126545
3423,-0.47627288793019584
3771,0.44009957288654444
160,-0.1709198315625864
4706,0.416704568101931
1953,-0.11259277122923095
368,-0.31033898644670366
1293,0.20685921978222943
3658,-0.4612023796786975
236,0.6862555581440839
2858,-0.10980868654363363
348,0.0005494148717861691
4119,-0.5464417247165141
4308,-0.19301376584850072
4663,0.40369342371731065
4251,0.8299113232143975
3080,0.30835850357700867
1356,0.5810955768617179
2134,-0.07377664132459927
3396,0.6135383667455923
270,0.12303016578450521
1414,-0.12608931756577135
2152,-0.8794013839972399
351,0.0536716848617429
2667,-1.573194153423663
1625,0.1318068596587061
4515,0.4324748296997942
3639,-1.5141019687698165
2160,-0.3528312328494323
2511,-0.17683003480270632
3846,0.28077418602196946
1454,0.016224221136129202
501,-0.7643971178872517
2253,0.17711653498505253
4033,-1.3457238085230507
1815,0.2759002268681998
3865,-0.5794596623929715
4217,0.18946069091036755
1247,-0.47444426395760964
921,0.48335633975752135
3418,-0.4052279619995751
3615,-0.6213952944680772
2776,-0.6995293187576026
123,-0.8426727902188142
1011,-0.8040461873298268
1273,-1.0792399798325158
3007,0.11335240623628096
2187,-0.20174543451017435
1611,-1.1458725072611418
4512,0.8050025684088977
4399,-0.0971975970715242
419,-1.1800075747162806
1380,-0.31468069307643276
4045,0.35397894674605546
3211,-0.18303992672801161
127,0.2889226728900134
1712,-0.38820806476511915
3247,0.5864556043529685
929,-0.8436234125029589
2862,-0.1325676888806706
4553,-0.4740955444172279
2151,0.09918110404587388
3993,0.8316184381348446
362,-0.32688219647310035
4740,0.24340853561138687
1285,-0.8362340094948424
4241,0.06782930883990357
1728,-0.1709147119221388
2638,-0.5547781520503028
1134,0.06375113326511439
3680,-0.10601767720941524
4394,-0.20984434716776068
3685,-0.20881866195960086
1739,-0.5767036358042867
3485,0.6831931763255144
828,0.35389738801389026
959,-0.13692127887540817
3818,-0.0878808557964108
1034,0.17948060858936188
353,0.10932532287489316
48,-0.2236205474137316
4305,-0.27063995583941924
3411,-0.46956902350436636
3039,-0.1452124257490226
2688,0.7527513083043313
1711,-0.0977235626299855
2297,-0.20950471684724548
68,0.7498094160703443
1788,0.32716634061985683
3285,0.5917390610188367
1883,0.46999327360688437
216,0.5634577742439317
1676,-0.05478400037776421
2516,0.15112253167292877
2737,0.2501288733810183
1289,0.9798518187379415
3619,0.377101959892828
4013,-0.5091189499945274
3684,0.1290795154556088
3758,-0.5736795891126798
4665,0.6456628556963464
4993,-0.2492330442246251
4200,0.43139156955987623
486,-0.6962081080361804
2760,-0.669963492465997
783,-0.05841245996721156
3182,-0.5028860085712665
949,-0.5901988613068498
117,-0.12999395622851928
3832,0.5688176197191694
3370,0.6485880481598567
2824,0.5631055852591542
1699,-0.20496666684204445
4581,0.20169075611817178
3548,0.778179702279175
74,0.4391157910690744
983,-0.8075302945096006
1801,0.8582422117494204
3151,-0.00929378539059389
2582,-0.2231300678743482
4524,-0.177801722089729
1050,1.1979177621398218
3361,-0.05136694883797421
1713,1.1404290887878314
4656,0.3461826555063059
3695,-1.7058338700559705
1936,-0.19117470753182708
1720,-0.20750635586424337
638,-0.3257800193837026
1529,1.099932221362093
2686,-0.6094550424976131
4509,0.4781134225607593
3037,0.6036315655351459
2358,0.2112832518337271
898,-1.4394308546991343
3170,0.022783797276134443
2971,-0.38171343772512145
3864,0.309850060390195
2759,-0.7541597276588208
2850,-0.6366802776965166
3256,-0.39119917836814544
1939,0.4173367277468065
4534,0.2954196735919483
3137,-0.38855083728761564
645,0.44220639482027746
373,-1.4390389991940715
4279,0.6458488854717359
1215,1.1481435073932111
839,0.8301095473066935
3667,0.3056213094920013
200,-0.3140831279421148
1058,0.6138869700283527
4879,-1.738257022906426
4465,-1.277963671185089
2366,0.019810990550171326
4782,0.602245377302717
2352,0.3095679583240871
2497,-0.9345342970522985
3697,-0.8510272421402796
484,0.7517887031337702
4801,0.6673354670470006
4935,0.8836536884804866
1361,0.553118051022123
3764,0.013429861279258937
2642,-0.28106824198070157
1773,0.4785658537143407
1721,0.15926433427000664
728,0.13663392913211148
1845,1.1568143320701232
4316,-0.3809081391781248
4680,-0.33112585391723304
1751,0.1353930609827909
2849,0.1971338662995743
4684,0.6524293076741765
851,-0.026095497617610874
4222,-0.18514839203465172
943,-0.06617475434276532
3431,-0.722961082433498
3147,0.11412528965716362
759,0.7611816184435165
1415,-0.7788824182807623
196,0.16547052624829828
4753,0.9268739020561885
136,-0.16029216076391872
81,0.26936192012554905
2458,0.11821501726695871
2821,0.44118984035997055
3706,1.0223028258085458
4833,0.04217098441731881
4783,0.20340023730438617
108,0.1951130141318682
4035,0.6205776466458683
1829,0.689531539562787
3074,-0.7020503745605415
1768,0.6070533641688804
4929,-0.35647212163392705
3739,0.1649724915462425
4556,0.15881025073982702
4193,-0.15285837512748035
3856,0.2823545271607273
2038,-0.10215739646603872
3146,-0.5312689502222803
4477,0.62670653223927
4073,0.5197219598751177
3305,-0.06239740490815038
2164,-0.40317567002136023
3929,-0.7315564461301411
3010,-0.9854175927663373
610,-0.5766540041492805
3430,-0.33996308749869364
3893,0.13680753610076835
2230,0.7047758793999783
2269,0.06956814584198501
214,0.4519169814184387
3345,-0.4843602413665895
3311,0.15522345654512648
2173,-0.004890130624580991
1291,0.9655723698533034
4375,-0.08826260272678699
224,-0.14982982455408944
3187,-0.3235782650402994
2526,-0.5339300345015436
1253,-0.6215229446908301
884,0.28205012054309453
2317,-0.1357467379480024
818,0.13140502293913947
2952,-0.23719930017151825
2047,-0.5069236066716032
4115,1.0183411314756254
2177,-0.7355979676376121
3585,0.6046664631518563
4726,-0.07120781456428205
2180,0.13837812896383017
3385,-1.0531530395289561
2664,-0.010501010180124837
3948,-0.5671288782644401
1087,-0.17302084534511586
227,-0.13011137728543165
3577,-0.93059441672633
641,0.5818586098400456
4283,0.7200584275439148
139,0.5729896202166902
4713,0.18628309325124714
1,-1.5859821904549003
3683,-0.5063993758686891
3275,0.2086640460746194
3637,0.8965499347503361
4058,-0.5087735153452178
2285,-0.02837314542820568
4127,-1.3820123061407181
309,-0.4789229531799286
4170,0.8933831304279289
2680,-0.25137822831136436
4287,0.37808061178951835
3952,0.35379315893687924
4151,0.10002987554926612
176,-0.043727384393725366
562,-0.6307735994615138
2296,0.22030677246190322
2829,0.3556914127087456
1496,-0.71849363428122
3094,-0.17380185262797365
2572,1.0389896355704211
4542,-1.334300538390207
1586,1.091194935499126
3106,0.35254228651054387
2602,0.2455750052615855
3641,0.23062867340942006
122,-0.6380734239240384
3209,-0.41198662968682953
4755,-0.6695566113240989
3900,0.3880715104640329
1328,-0.6411679733843307
4604,0.007502553731806749
952,0.13461665666698774
504,-0.8311612829021771
4714,-1.5233734892634772
1666,0.6663483002977433
2506,-0.1073944138557108
4165,0.22098423656308785
4209,-0.6013565447605886
1398,0.09478457363249948
2738,0.291347518917223
3342,0.8211295523273066
1175,-0.04767448283627562
850,0.6389172392426383
3660,-1.9629641457608975
4120,-0.056031214443264865
4896,0.30655963544315146
56,0.658149740290618
3944,-0.04799296118103502
4076,0.21204275652860982
3765,0.2585608420667329
3611,-0.14072662310172923
3202,-0.8608255862703524
779,-0.14257916867103226
4974,0.10613562939730414
2658,0.24824211586554412
1461,-0.03271524217049038
3473,-0.7116561895013493
174,0.4571474029299196
2210,-0.4233179184490927
4082,0.2669919827290066
243,-0.5559729093305599
4546,0.16250468914442795
1688,1.1132071347951316
497,0.5750137247089571
1045,0.042047355898523264
3246,0.14407166943344318
3713,0.27907793875214093
2583,0.27237373834603584
1052,0.2772574146977096
2573,-0.7026797112946364
0,-1.0747446635822033
2429,0.7971748982825746
3848,-0.014523962923739475
3395,-1.3494445020324681
3018,0.9060756169001838
2041,0.44855871606554754
2913,-0.1679782713450173
4564,0.08826442968436155
765,0.6234303528760048
1391,0.40115500565314655
393,-0.08483499981350384
3392,0.21572487350139813
1457,-0.2096607075502792
3353,-0.0847433318115467
170,-0.6284221722978547
62,-0.08619736814558987
2735,0.06499942223769484
2076,-0.5710795723997135
2158,1.0218996646798484
3808,-0.15092488211755395
4452,0.3829749794417152
219,0.8631233930484328
2629,0.3212519561252174
4442,0.5336805023740459
2909,0.1926292192858181
494,0.33076355939690494
2959,0.6804101529645692
3550,0.27059944975872785
4456,-0.9559185741001084
358,0.668442967126265
899,-0.40790793166938766
2157,-0.29860041841040186
2855,-0.4420759415343074
4212,0.1779375904764393
1191,0.009464910122056303
450,-0.4156195278417494
3903,0.6823388061977056
1990,-0.056106623355510976
2231,-0.04561721411298958
3581,0.1616495415888961
3152,-0.29352506277342716
2874,0.16365920707190895
4728,-0.16236124110502814
1609,0.13275759833332668
5,-0.40280161737218556
2707,-1.4101951845470673
1036,-0.5814153101455553
157,0.3641985616608139
4619,0.5736530792982117
4766,1.0771623296081438
498,-0.03176433885432406
107,-0.1253806232518695
4959,-0.2298883956933091
1245,0.9727481880118116
259,-1.5505943953024972
4580,0.6073477345317704
3468,0.3404694499167018
4020,0.17351096014833267
4608,0.2719949889157718
1249,0.32243748652846804
3255,-0.7815379857504139
3917,-0.08821285225713726
3931,0.6271933838048387
3583,0.4986551689460539
4875,-0.5904155823927679
1678,0.3877090864753132
1886,-0.09272592881789699
2126,0.5669777584352866
2035,0.41943476425105786
2437,0.6983358819660559
2079,1.1568143320701232
3962,-0.16815424416500235
1901,-0.4416857092861317
2088,0.5506458072516898
4470,-0.6209346824053261
339,0.2918031257000875
2316,-0.12128212379334524
679,0.7751884230829198
2845,0.03466963740718221
4019,0.7356740681552951
4860,-0.3630723520352088
2418,0.359039773703838
226,0.3727664577471188
1624,0.5783661822727391
2320,-0.3421750216594157
4611,0.4602550352662842
991,0.40918244244547
1403,0.07318503905908447
3927,1.4278797200415232
1620,0.062301160958740276
3063,-0.4045704261096965
4136,-0.22316197255204973
2272,0.38366150595717663
1099,0.6492580830603814
317,0.6589091961348537
402,-0.046053479583132884
256,0.30655088366094585
4480,-0.32718045680557317
466,-0.14078759073135938
2604,-0.4088791558027154
4987,0.11921275930724029
3298,1.07653772361508
4409,1.3132204137500096
4182,-0.5332276139478278
3477,0.8857145391408618
311,-0.9014560586223039
1903,0.07855985674103838
1042,-0.6008794429390063
2068,-0.4892682558290504
40,0.1038467291281524
1664,-0.4097731807362397
3716,-0.0514732645614453
650,0.10220680519434655
1352,-0.19079425241972636
870,-0.19246806372451442
2671,0.3489532074692425
2580,0.32885121582212395
3372,-0.45443054370061553
3636,-0.1314110529117789
4109,-0.40852180680006533
4960,0.4414266047449047
3404,-0.11442181227629611
3317,0.07507020962753952
4545,1.1050133092027963
3792,0.07520202826540157
1031,-0.4701752706377862
675,0.7533589697902423
3524,-0.35536759495067827
266,0.21484054026226662
1606,0.5134319891740287
4430,0.10923188436587594
2263,1.231881925668798
1122,-0.5400298458849253
4926,-1.3494445020324681
4866,-0.4496542542226276
982,0.17354966276433004
4059,0.1827502397641254
4907,0.9047591378672575
2098,-0.803946456805213
4171,0.2978900773536415
3960,-0.04743743367644093
3541,-0.7601440418025005
3773,-1.8376391993740069
1292,0.7749453734942993
1306,0.6185920170082042
4741,0.44225859856033445
1823,-1.6453213253474384
906,0.34916091701176377
2682,-0.2737652346872981
350,0.4602924635744756
2762,-0.7681049871264447
4131,-0.25257844860131584
3383,-0.574519444096194
789,-0.3268264670674892
965,-0.6977888472289058
1706,0.2969901909807948
3586,0.03438136053214347
394,-0.2819788559234375
1809,0.38948752062600445
375,0.46067938746046
4286,0.39495173218128965
4156,0.652673301177292
977,0.15322376715419495
4224,-0.8192127840818957
2705,-0.8705492828182075
451,-0.24931978771806484
1043,0.9489815926602159
2911,-0.42584801024119034
4413,0.6445696104076752
502,-0.739401882598087
2424,0.6721076459187527
26,0.9210962785490473
1300,0.02829491095185599
3775,-0.1025486463202876
3638,-0.6818437598838445
401,0.360578634866342
1327,0.7739718991286395
683,0.2684931456547357
4191,-0.015176608267026381
2796,0.29922193127843055
2094,0.6440639507228303
4259,-0.09472389925263958
3594,0.19432255005114918
3083,-1.4196237548319708
278,-0.29093880829021845
2474,0.49500069776324285
2375,0.06056761503853991
3598,-0.31006510702220513
4461,0.014001288685640212
2870,0.5072235908106206
3547,-0.22793098309797077
1077,-0.14263144300854602
13,0.7448655520316319
4516,-0.21863021390891024
975,0.22883670599960304
53,-0.3183839550544505
1423,-0.5878761544964259
4615,0.36613257346392736
1015,0.6041764590357959
1849,0.2522665357031153
1020,0.29915944426451624
1890,0.2354242547598755
1534,0.5186086270153831
3935,-0.741628177324511
1618,-0.3446748321682529
1757,-0.8164377794591182
2710,0.27648486794516725
1700,0.5320585781835092
3398,-1.37672382818549
2400,-0.21272165721549996
4938,0.040385538725314696
3882,-0.10789700693183235
4712,-0.3280882687976563
2538,0.42766596999633943
3710,-0.2537781064803184
1930,-0.16727792400774089
2816,-0.028799205010343165
3142,-0.14444147947536656
1657,-1.8221388420636782
3484,0.15646570088603795
4612,-0.5408644360427228
4956,0.3756053709558742
3005,0.8062912592222506
1303,-0.09925031131434725
1096,-0.5048790564357315
536,-0.5991815963528886
4808,0.5434380485042389
648,0.5658112420266352
919,-1.3373396551785204
2726,0.2250761111507371
4492,0.10471559410177456
961,-0.2172490814521213
4292,-0.9907586163390505
1136,0.4317855118161349
3572,-0.2275410707635137
1722,-1.1596400818161179
2756,-0.20072412140214535
1168,-0.6588891045154961
2898,-0.16896268602168707
1342,0.6357411980537329
4148,0.24966811927425425
4024,-0.34412177929639753
1680,-0.42427365440468456
2792,0.4029834555615608
1724,-0.02003767082124419
1652,-0.8229248250136871
3877,0.21852219745970025
2245,0.3871721162456163
1060,-0.33939255678072033
3036,-0.5368072371999739
4090,-0.23904025295574183
3222,0.6017771172701458
1332,0.6619389379864078
3885,1.0203154916022728
3562,0.5562556328326869
2789,-0.7534571694074588
643,-0.7353610055847035
4804,0.47485012883968825
4239,-0.3546161944060353
529,-0.10989547324422055
4638,-0.5825897668561426
130,-0.23967765755286496
4869,0.41812426631600275
4483,-0.3378914684492713
970,-0.34894634309461825
2062,-0.3242648653659046
346,0.45769291304203286
120,-0.29620582943680684
1029,-0.5104394869012525
2078,-0.06250280970672151
2864,0.47789575679444773
292,0.047530003166825985
3042,0.49980184378450065
2853,0.0673238692808713
4243,0.061100635369269796
2743,0.3570105561572712
3453,0.11551942294208573
2770,-0.35177155769250223
173,0.783314377920008
1338,0.041811476067108444
4023,-0.03913119993990577
3886,0.5431191450273802
4776,0.2571046528272012
978,-0.09570445670989702
1375,0.05103493975657347
2235,0.23149908711039746
2139,0.5075660267738575
4051,0.21602916360754776
2509,0.44938514115810513
3595,-0.3380164000707584
3794,-0.4882564830657756
1918,-0.3056492850415218
3772,-0.37173506738445106
513,-0.28127033505396515
147,-0.11290635914782143
1272,0.8743249449503558
2786,-0.07950117718760996
2847,-0.864975222575568
1477,0.5280365323454852
4003,-1.4404719749271155
1205,0.6316430107339341
4062,-0.22802316963891833
2660,-0.3416250610414657
1072,-0.04150309525400253
2500,-0.18160743007178404
2006,-0.7459010794245273
2633,-0.08158035499094485
3858,-0.08706991175144196
52,0.021433840953235084
1844,-0.9159824071445293
3408,0.993127573432405
2687,-0.7259581194425841
858,-0.09568745653200583
4759,-0.6730636523181195
4484,-0.7100514847373907
1689,-0.3589049378771785
3242,-1.0396736238886177
2603,-0.2535256832755355
100,0.29850856908567813
2492,-0.49429099326206405
4908,-0.4131980802506332
234,-0.32475525763870383
2531,-0.03165974935415594
755,0.10730392967369617
832,0.4402475350397168
3366,-0.6811332493052946
3240,0.5638976895291634
4767,0.12639578480546731
3519,0.5013310205441792
3145,0.2084649537236869
1737,-0.6438658473210692
2058,0.5291205822226956
273,-0.038206808672009096
41,0.29590152896738786
3278,-0.011210474944910231
3553,-0.08421227825350641
515,0.8753579349028078
3620,-0.5206487187728213
1176,-0.2277283690257743
1037,-1.3226332783871522
2529,-0.41827202965652077
1761,1.0943381648638884
2774,-0.017333642535840355
2085,0.5649458153196623
3745,0.5886241428272063
4210,-0.2912349032679007
2788,-0.34017188681695654
3270,-0.28095416175793453
433,0.5691215711780755
410,-0.38729013599289
2356,0.555389101198668
2469,-0.19578019568451577
4299,-0.2571376246874575
3265,-0.21430866373673574
4256,0.5039270424037294
1324,-0.14594172623873014
388,0.25632884215175267
2891,-0.06456455061792266
1819,0.6433725879614398
3837,-0.1777203224892796
4401,0.11265785162108877
1987,-1.331538256501367
4951,-1.1099800899202412
2612,-0.011988790598830512
4410,0.9753110791575974
4889,0.611046660269909
3950,-0.8009145205652599
4554,-0.8107688594370384
3663,-0.6799815223626897
2812,-0.1711151726751865
183,0.18724040120962826
2203,0.6042893696104121
169,0.32880204687348336
2121,-0.0512248974757723
2982,-0.3318058428842958
500,0.0891400232266868
3776,0.7793445080077177
1884,0.06662369248565803
4443,1.1209600568002713
1387,-0.5808965880756647
409,-0.7061142075681781
4531,0.7613252238873818
2749,1.0636085089245082
3388,-0.33263081997818755
4653,0.3990901245066176
2454,-0.21236147623543733
4288,0.2370373042153151
2586,0.36134587234507887
4141,1.1303877722135267
3555,0.3847089065668188
4015,0.8276615258556097
4234,0.2803678362518536
4069,-0.058293739040714776
3605,0.44863379734821773
1920,0.46037481528298585
768,-0.4412393343982428
3827,0.0650549428067917
2539,0.24377836521930352
1299,-0.18531011312971568
1341,-0.8041133065255881
1301,0.07744939887672242
3909,-0.9586418714446463
2678,-0.7206907567664871
2150,-0.16758323458381774
3740,-0.8748652705471258
210,-0.12260486712887975
7,0.10918639732566593
940,-0.4542012627446157
678,0.2571599979601489
2145,-0.2607193593419499
1598,0.003543445684932145
294,0.3045646648013687
2324,-0.6047701953356075
347,-0.7758086777955997
1663,0.1457752656540814
4825,0.05519876209178065
3642,0.7403002673194727
3777,-0.8750371006793403
4719,0.2339566205266994
1098,-0.27373552456464534
4660,-0.11328496025699852
4064,1.2327080498547174
4855,-0.1958504209980685
187,-0.5023201922222214
3989,-0.22945162145000797
1022,-0.026707423025688293
963,-1.076300105790203
3532,0.8172221160443787
1201,0.2648227331120463
349,0.602245377302717
2801,0.03839362721849149
4078,-0.4329080494588293
1605,-0.5562832497444896
1106,-0.6844484028033646
2434,0.07113661043380226
4701,-0.4238646441976188
3920,1.0650716193253098
4398,0.6918398744643204
715,-0.13932061070064616
623,-0.3283316986837672
1570,-0.5276984664127156
4214,-0.9144764212138812
4573,0.9347022066912611
3847,-0.34140663196689225
3279,0.8677211162962681
49,0.9444136954436377
4620,0.273431311914174
2804,-0.5317920896890733
4376,-0.22973681917910937
1777,0.6456232181152073
1269,-0.26450963551573103
2205,-0.5781570242484024
1864,-0.7099618817245128
4506,0.3446939483378415
968,1.1353529155411675
2782,-0.025940518626350162
4370,-0.3292368765460454
4526,-1.0977373534188146
3400,-0.33488509394425314
4226,0.5201455860173194
3648,-0.001455897656904348
1696,-0.2891349485626211
4892,-0.2749459140229158
1932,0.7449665851919578
3191,-0.30291030728109547
4075,-0.9693292643571239
1472,-0.4388991545738641
2033,0.24990827063742493
229,-0.004586136737269264
2104,0.2472061612396539
1223,0.26653872026168024
35,0.666172765950594
458,0.7215452035165955
1139,-0.6361495520509406
2266,0.28742229440025024
2190,0.8667466829383974
2257,0.6335067717419154
3629,0.48087595368527936
357,-0.5142445444012447
1597,-0.022561842432063273
2345,-0.07909847120032953
4068,-0.6722172286885408
1480,-0.6785542342295923
1488,-0.5695725227702457
1703,0.9253233863647949
4805,-0.30915535222603996
2679,0.22787989398982145
4312,-0.6618065867227445
2470,-0.29104974005332984
4774,-0.5744422152998085
3354,0.38271367658898203
1702,-0.22106160858469082
253,0.4449537498909599
2315,-0.11369088105436109
939,0.18222750241646501
3203,0.4189046198915145
1009,-0.20875005282782944
1408,0.30025885031063737
2207,-0.2626651819756498
2333,-0.46357581676323
1030,-0.41895093075184775
3332,-0.6463658632814422
2261,0.7709619608736951
2059,0.2880340603575666
780,-0.17695762614649624
285,-0.8001128439018075
398,-0.11144679866306006
2716,-0.2327502289331722
4664,1.1112532378180235
4757,-0.9591116067028143
370,-0.18748386832458142
3830,0.6689032620588291
4390,0.4648179286045835
1694,-0.18742033390478863
2700,0.031843615676967474
3493,-0.08617222428776916
3930,-0.25980074033476885
2321,0.35862231192476823
218,-1.7165114595926623
4008,0.7855539743850004
3254,0.01907328971600908
2409,0.4167382878263499
356,0.09177537826454252
4710,0.4077947630257066
4388,0.11290321834089134
3975,0.30974252637309263
3670,-0.15713065928228698
4282,-0.3570879267194993
1481,-0.20635129996108148
4432,-0.5906752998144018
4682,0.2998721103183355
4820,0.26945106134807784
2463,0.41639613294773703
871,0.5303646098592596
1489,0.9646800442375705
3268,-0.5792967580362625
3097,-0.1481723000384978
1745,0.6415808858895877
1596,-0.3720320535235926
2875,0.3971772865782315
716,-0.7026913111954771
4274,0.13094628204532022
4724,-0.14786050153219588
1075,-0.9612377415982358
3517,0.04052560796458771
1790,0.17464437116102438
4216,0.3625001384548918
1806,0.912394451124646
4067,-0.13771665969894098
2996,-0.7607703891996511
859,-0.28348449755301
4048,0.4270601790277633
3536,0.44925496107487994
1095,0.4838220578662522
1710,0.18171420607325217
4666,-0.4251681129853253
1908,-0.021330468706336703
2560,-0.21495336079477845
1546,-0.032176124061896516
4513,0.06591656456883754
750,0.37307850272456555
427,-0.05880264421252157
1333,-0.3442031479261196
2627,-0.28790819609163165
1070,1.3538437658602014
4657,0.07842638186088546
2600,-0.21317167158430195
796,-0.9709538936496926
156,0.20781259809932262
2129,0.823440105872252
76,0.8276615258556097
437,0.21523555512631276
1193,-0.08206230957833682
2355,-0.8615210233720232
2739,0.2911502586488943
1559,1.05196021094787
947,-0.9785886180497112
2218,0.8021207338273442
4599,0.7685657552865104
365,-1.0933808277218597
4422,-1.256848032272467
4499,1.0047802799506824
2336,-0.40739061048261593
64,0.36121872409724975
2176,0.4684568677781531
1917,-0.2866653381649984
182,-1.293220552849184
2498,0.36563610804458424
847,-0.9026628983964473
2942,0.457301544209626
3596,-0.6752196628083613
4732,0.32142575173705
3540,-0.505714076520511
2772,-0.16794574902505754
3107,0.42630639735605946
1592,0.13270267261606605
2822,-0.16701865882525269
4488,-0.18702868865246103
4984,0.2227582736342253
1959,0.9720133783820479
2433,0.06101799890724369
250,0.7897976629320773
254,0.3064309394713449
2332,-0.15776647864364168
2194,0.153263013914545
4568,-0.06731178765257972
3087,-0.4998570443258865
3059,0.1355772043787784
4306,0.19588530864291887
1674,0.34906990750092426
801,0.634235303583246
209,0.23179436609651738
4618,-0.07064235477684644
844,0.9745002433461813
1926,0.036625750869208495
400,0.605505840825292
3793,0.05767166277263591
840,0.5535812873606982
47,0.15223417685829332
4969,-0.22708991189734817
2138,0.011416365521974114
3065,0.02597643294893448
659,-0.04882094818679228
3245,-0.22714179651317146
3560,-0.16021048633371038
4703,-0.695524356975147
710,0.2109265417777042
3977,0.29681763241102477
3213,0.3909637186227579
4831,1.1628663775068304
154,0.5655950261927174
951,0.15391995317617013
2326,0.27733312168885327
1143,-0.3320094028734628
628,-0.8976675567101191
2820,0.22247960792795496
306,-0.6732142167663477
3851,-0.029147244666384076
29,-0.2878296403378915
1855,0.27636160905690943
69,-0.716644591872905
2048,0.2453996762763797
4440,0.604588302441881
4368,-0.6216934974043218
6,0.8300560438438991
4318,-0.19036596084834212
3833,0.6190993012416186
1358,0.13539874003353436
3327,0.493284101555739
2344,-0.44218477571827375
3089,0.01661534834743872
4147,0.5029637508366891
1725,0.24509249935726363
718,0.7750789907159303
3523,-0.013953258555429393
2109,0.7197923798371315
3938,-0.6236747729332501
4130,-1.3781156602846334
4532,-0.3261033990543494
3649,-0.17931829311015246
4823,-0.0433813998326702
772,0.5754266901214766
1956,-0.12325977378639053
1947,1.1965575014989982
787,-0.5905444278260132
3922,-0.03653127904505116
3328,-0.6825619911672058
1386,-0.286024630564377
1531,0.2658133737130637
2334,0.6403448786600512
296,0.40682226043409475
573,-0.21629883948746365
535,-0.13708775488954128
4890,-1.7029083134245715
3299,0.2228523541208478
663,0.25915966589740247
372,0.742472015563032
212,-1.020924508767557
928,-0.15221690772328333
4850,-0.04394251246869896
634,-0.13579025051224392
3337,-0.5235560942126138
197,-0.661295250600328
4077,0.10848290537208793
3780,0.5688359206298648
1799,0.4121863919294668
4520,-0.0853129770993748
1119,-1.2863268592317243
3103,-0.8444551644112206
2179,0.2562925833590901
2054,-0.4489471399857008
1288,-0.03348309498189295
66,0.23933221620238943
1654,-0.044367689424058554
4723,-0.36817129398640613
2826,1.0358577212706166
3628,0.38851451193198283
1485,0.023533577472396594
1005,0.8394616312299359
1228,-0.1862529138032043
4066,0.9042708134235493
4585,-0.15420881165580358
3901,-0.1717432398408274
1954,0.202762500609464
4577,0.22036856371878866
331,-0.3188796354072103
2986,-0.31260182334374065
1125,1.0972652188447691
3995,-0.10750418542694895
260,-0.587510504846751
3994,0.5620256735559188
2609,-0.7354618366202015
4382,-1.3124400648386105
3158,0.1185710200932375
3248,-0.4933062382048705
1368,-0.6766073884344683
1834,-0.03430135179198235
4219,-0.7636240807067658
2206,0.9015246214731043
478,-0.389725326722294
600,0.4736602929201963
778,0.8101356925808032
4494,-0.21136290559934956
3149,-0.5297113513438996
1322,0.11683073680155243
1097,-0.28402268346532455
702,-0.48507822373166576
54,0.1419675725081886
4268,-0.0959088175599927
2535,-0.7340653846753051
4010,-0.33057044701823113
4221,0.3831474761948295
2002,-0.806103440318374
725,0.3569729426811712
20,-0.3563914149997265
1383,0.42735534718000334
4971,-0.6803401825160158
2912,0.25734597802253223
1047,-0.5144250077763317
3570,0.34671163252410064
2647,-0.1417153511463578
2879,-0.4947657099907756
312,1.4619918353056454
3958,-1.4418638070262588
2107,-0.22643639502626467
2570,-0.34348552365975493
2294,-0.18294148862179416
2092,-0.5559117666064122
1274,0.8295586526658187
2501,-0.05283784270909386
4716,0.8071766231196609
4046,0.26915723886953735
369,0.33842413906119617
2422,0.13647320987886236
781,-0.16420658168637114
1506,-0.19789948327821794
397,-0.572973473045054
2581,-0.3538231255726334
192,-0.7619502471903177
2127,0.07281969185269865
2662,0.3775493742851488
4853,0.032042660263612355
1906,-0.0032756902372028662
1319,0.9516424916756918
1623,-0.7521772825015418
2598,1.3641315732998978
1973,0.48361326616219547
1655,0.6411478719999888
3694,0.15745412227753608
3612,-0.3130999904057621
3363,0.2592279489269833
2722,0.620809351970756
4677,0.6337757385882838
432,-0.3873786619202688
2090,-0.22527801731325514
277,0.2053946607867072
1396,1.2122014719727447
3184,-0.02668084084336453
2195,0.3985955499021374
3613,-0.21515145299242988
4898,-0.25871015183864454
2938,-0.5411779800096168
4998,-0.058113958540845445
2274,0.48806685419379914
2226,0.34770339552801843
2619,0.23196027919325957
3483,0.29002989023141534
3564,0.3734030836252096
468,-0.46620836313931324
125,0.14460667994919074
1360,1.0442321731115376
2995,0.5428417873534448
3691,-0.2902856716651483
4722,-0.8426550196828213
2184,-0.09264230090231873
4002,-0.7328986963940372
2881,0.03263374954147302
2349,-0.39792048085543463
1026,0.37012512542817877
3161,-0.03324158716190517
1330,-0.7919066227684368
1108,-0.36452257371729946
2309,0.047935705561254593
4940,0.24698147949895422
3185,-0.37117052538979145
2876,-0.1256869385662034
4578,0.1205302886788937
1200,-0.5861047103333128
4785,-0.07932100843469225
320,-0.3209358741317496
708,0.05088090242419341
3494,0.322060301801967
3593,-0.4320277217861044
2407,0.4809797511816605
3386,0.6918398744643204
3945,0.6970589515685992
4511,-0.5649275048638387
1626,-0.15872762753758085
3803,0.825603587841381
1779,-0.5048590331856548
824,-1.4032675566508628
4637,0.3999114187700368
4738,-0.04098169373525362
3552,0.10188305961183364
3013,0.6333810080255553
3912,0.9584176839094143
4471,0.592440528574314
1942,0.0037666782274445865
2163,0.33092643754265794
1044,0.5562347248039057
2141,0.5291071982168605
87,-0.8164454687858473
2975,0.33216557845995354
4085,0.3436008812340381
382,0.1409260580080618
1468,-0.7507807527244523
3498,-0.010521546028275708
2568,0.6308877599017579
4132,0.20216474509434867
2515,-0.8521228855588685
2346,0.8945916188551433
912,0.21788248660235077
1218,-0.8070953953471101
485,-0.26387781196395554
3787,-0.2211350513280248
2591,-0.314706009909794
3854,-0.3590810702230236
2835,0.23650647253388435
4842,-0.30005472911170195
3324,0.08170370796595972
3216,-0.5109728258142958
2630,-0.30279061765928894
726,0.06143802408882948
2727,-0.23985589407707764
4597,0.2882920818708943
4088,-0.7424221225069809
3645,0.0361533803907097
4278,0.46760021013953956
1437,0.315276683269091
2339,0.2493027856244181
1590,0.39857125640068514
4841,-0.05921029548018364
3627,-0.5825241703420545
1085,-1.180179851980598
1385,0.4272470801357171
1467,0.012089254203581312
3677,0.19063942725901128
1812,0.3903601680000204
522,0.37784340913172443
3905,-0.06715182528237218
514,-0.6219964767882189
2181,0.44770761737159503
1697,-0.20726167523268657
4902,-0.25548133071773904
3031,0.03182745580156432
4122,0.04457680309368861
2303,0.47000434298636673
1743,0.2727082188729497
488,0.30418000863929073
3607,-0.25270360304392003
2202,0.042450966098141585
2310,0.5611472186039226
3742,-0.3274544959933223
3201,0.8319637576607573
1869,0.43838194212160353
4533,-0.7517483805304339
1591,0.7279768975071148
3416,0.20224238861766342
566,0.17545980271980444
3621,0.7191631627285009
2442,-0.12152419332450037
44,-0.5208019034769178
548,-0.052012381985825584
3413,0.5069810918799655
2251,0.07751243607566582
4876,-0.07196025010370555
652,0.10184713911076848
4772,-0.5687165251992914
121,0.28024550545743665
3798,-0.051263597887313495
1320,-0.955016906959675
1177,0.1324000619380703
3824,-0.43959269265818435
4349,-0.6399609709928198
1374,-0.3732999596487483
4194,-0.20600273354515153
4249,-0.9226223114730381
737,-0.29180191896327745
2234,0.10921570439443595
4961,0.7012290969899073
2903,-0.059074702933116896
4733,0.3939498931236285
3515,0.9347022066912611
3038,-0.20754397935535351
2921,0.059794731198763884
2534,0.4305685075951384
1023,0.5594131216793707
1101,-1.766656460166197
2927,0.03973389910437852
3682,0.17827835935353153
1492,0.060374500570214984
2809,0.41563894446276617
4931,-1.140806803198208
3633,1.2357206258308873
4330,0.7685279072594549
1894,0.06895527837360671
2890,-0.09214453993722138
2946,-0.2855899774759232
3571,-0.23259069916714825
1841,0.3857673890150872
2370,0.04592696124923634
980,-0.1943322755479988
2925,0.6896041151774535
1180,0.7905011440088723
2233,0.01363779059037551
669,-0.3638490771097711
685,-0.05180879703868069
3980,-0.5120737019333461
1786,0.8311429742847141
3743,0.05649812027406931
3391,-0.29868260646850064
1856,-0.014459293157548458
3760,1.0649863292345927
3674,0.4256529506803153
4685,-1.030446255963752
2258,0.8676809370147964
764,0.8958327135862634
489,0.6674041556938324
297,-0.28262386917734617
811,0.06638182688460592
3653,-0.006861600388732292
887,1.2204932249950131
1281,-1.2653310227281152
1832,-0.8640543371188008
886,0.31709798023225044
4133,0.44733162999578013
2802,0.20874193445941014
374,0.2499426439509298
4859,-0.7707323128855386
2565,-0.1394733659736005
2491,0.1823010164740051
3825,0.30158073796951523
1231,1.4152965664668367
1889,0.9736220538455331
3969,-0.03930707406993239
2116,0.1773464780290448
1478,-0.31229331145010075
4230,0.38668125798659947
635,-0.8500117043257749
3001,-1.0525410821105305
4673,-0.43837146353806933
1608,0.6733123592177845
3168,0.7012373843910087
1278,-0.001116005899243433
3974,-0.23068250229906972
3872,0.3950103324253309
313,0.23642144061576786
3049,0.3983905190047885
3111,0.6944218914933593
1907,0.1529155637162436
2486,-0.5561066475358052
525,0.5686494583593582
338,0.43017732777099305
345,-0.7781213040730677
880,1.229562875541828
1690,0.6639245039272748
2685,0.5299664717553423
38,-1.2261639107932414
1053,0.057231838922154665
3284,-0.5506190526848851
4495,-0.8773901309207037
561,0.7618784637439946
1463,-0.5687198513946914
1158,0.5586270416446011
955,0.48147579937338314
1219,0.1998410620103801
3008,-0.20475216387758355
3340,-0.7193228640529714
3874,-0.38571203383631225
3283,-0.22257010480143702
1039,-0.42950624436183116
436,0.46235362591920115
3957,-0.17654552398992074
3134,-1.0438413889803595
3934,0.06266028256226797
2178,1.0260454372222076
2249,-0.4080156037856648
4157,0.6087940070762778
1154,-0.046529473529909104
999,-0.47424658515206364
1814,0.13876295341395029
3790,-0.5352894826257009
2124,-0.16174793797899767
4341,-0.9107227898148151
95,0.6294308528270793
3066,0.06335864963015059
3829,-0.3194601009201996
3321,0.017838706736100995
1265,1.0735139450265674
161,-0.4223322541443073
1220,0.7429450652616092
1354,0.3730185569729123
2748,-0.04349396859191135
1828,0.1653192403176016
2049,-0.26807337252699703
1552,-0.24997416608075085
3870,1.1185838511224047
1160,-0.20039054074558837
482,0.6072124554660796
233,-0.42118463714092336
4858,-0.09448204685689543
1174,-0.06554841856701454
3183,0.1331487470113446
4087,-0.1736198034923877
3474,0.6996873244704842
1685,-0.46202924087159314
4406,-0.5578205124821976
1772,0.2162479535953734
724,0.28623000266743404
4622,0.6459938266894838
4502,-0.5396437951613215
2520,0.1428304095016264
4632,0.6644404041631544
2699,0.07069292820531903
2940,0.01739731013982304
316,-0.44534801605908125
386,0.28405825338063195
2260,0.9822301996092655
2084,-0.6172783073372807
3657,-0.470134745330995
2350,0.187628074009643
143,-0.27801432604278453
3873,-1.0108658865760392
4178,-0.24014872130639997
479,-0.7358618624274182
1943,0.33689968052865993
3422,0.8010048369079561
2941,-0.12107532056279613
4910,0.08820583037104246
1498,0.6410043101552461
3720,0.23254348061110441
1658,-0.34977722083499074
4758,0.6613691071544459
4281,0.620732771314378
1536,0.5291071982168605
2842,0.33891086806851245
3982,0.5530428770643967
953,0.15202435045847285
3441,0.7677384711644146
19,-1.4191017082937565
2299,-0.7440359288935907
4111,-1.2196348550199128
3659,-0.22103794121060272
2914,-0.27728635360539844
1239,0.40387452357182685
1142,-0.18289908463031423
653,0.2943426120662833
158,-0.9504382605826702
1129,-1.0978959723065733
1979,0.13787666053747127
2473,-0.7145486330564612
666,0.5336364488757193
1997,0.12653059538216915
3535,-0.4714350827973117
911,0.08914495058079464
1540,1.022474659722767
2209,0.0702569329354894
4709,-0.26614393380353096
3925,0.1464606848764296
865,-0.9596839912013024
4338,-0.2905482764930625
1164,0.3823487421273928
3347,-0.4741288710028817
2992,-0.2350088696200956
2839,0.7754331881032437
753,-0.1386095097796849
4407,0.518480254220675
2071,0.4479612555458825
2117,-0.9609860214971642
1923,0.8560406382652941
1287,-0.03597116477374662
1875,-1.1263710163142147
817,0.4804252098298445
2031,0.22813575435682676
2380,1.0179566336696313
2701,-0.36495687387885933
3196,-0.8016663155037831
2918,-0.030139080553841957
660,-0.3525226350931838
145,-0.3863853627872311
150,-0.7855420827596316
1347,-0.42065126818492526
3148,0.1371540082015672
3062,0.3518890301206161
3503,0.15421961118343042
1466,-0.5167027185362505
941,-0.32329057665005934
3426,0.30605276323710484
1217,-1.1649159578428572
986,-0.6875260766306157
2217,-0.1203755228813641
3590,0.592850984536275
3004,-0.8827299525013084
4300,1.009688717637876
3217,0.7224338191844604
1209,0.08708194572780403
651,-0.20465146085073282
2113,0.7102484003950185
910,-0.02084906264485209
883,1.328171165790347
3747,0.36263228794589697
2977,-0.039848465977164516
3544,0.42601751988159187
1622,0.825381040539785
3157,0.3836334808902908
1152,0.5490742963816029
3435,-0.4505027723347048
4009,-0.41131163850907093
473,-0.2220701595024801
166,-1.1695952858276053
795,0.10924457460760184
4659,-1.1076417743108706
2781,1.1333189308515639
499,0.7148065698767345
2219,-0.5538082979571284
334,0.04547483531001095
2096,-0.29858617560123957
230,0.3734066996244394
3081,-0.1827082405301823
97,-0.3242791522871622
3495,-0.29617453943418326
1211,-0.024641680213839834
2924,0.26828812572012595
3419,-0.9717077420826268
2221,-0.2429746329368605
435,-0.7524932679754146
4609,-0.35181770719520156
2331,0.5125433635792254
4647,0.5221462224056115
4539,-0.1336721721538705
1369,0.2577905808282157
4873,-1.11673956428882
944,-1.1714452326127773
4745,-0.643386916005591
1080,-0.4498092880026272
3954,-0.637004963510555
1254,0.3506912300981222
751,-0.5400397383026867
2403,-0.2590890498423226
2307,-0.09101992586096941
4481,-0.39280380681092186
1323,-0.23155386909119713
657,0.1641160903772203
4624,-0.030274115757058517
656,0.9319526755137568
752,0.15957437130332242
4606,-0.914389105535105
3123,-0.04732133321284948
3589,-0.25918174012972006
2029,0.3759944598051437
2734,0.5923552432962458
138,-0.34873210825802037
3330,0.21361930327954237
2250,-0.4162815557838453
2841,-0.7870911274875976
631,0.9154822203934758
1677,-0.06674783823099073
2199,-0.6474678159947267
620,0.9333591066744864
3479,-0.2683364406784623
4881,-0.4109837754568746
1603,0.632446935554893
2460,0.2198297865042651
1579,-0.0328786051585892
4777,0.9503117685490903
1648,-0.09052186257634531
2505,-0.43994935320572637
1616,0.3640972139464429
4563,1.3285327141755658
4840,0.8091796166246308
2698,-1.3459667838255776
3604,-0.29753955342172045
4458,0.8821282219953082
2773,-0.6928503334949072
1525,-1.1238624181576888
3610,0.022264989579262817
3709,0.2638171705946517
3722,0.29627535037797426
172,-0.08521436799962245
587,-0.1299592353897241
1604,-0.05950824742984473
2100,0.8985443429462636
2692,0.14179269151103835
4405,-0.06140000204664631
4832,0.2637770545675773
1714,-0.09006679845086296
1547,-0.31217397039797934
3452,-0.020392756197021633
727,0.1961003466767055
1241,0.22178601703077572
2818,-0.5544760621472413
3500,0.25080301878350486
3457,-0.03299338225420989
2016,-1.303902125131633
487,0.13698930260839148
3188,0.13666106438860925
4888,0.45451873623671357
624,-0.819302766643097
2464,0.30013996737613446
1145,-0.054961254376181046
1232,-0.28239377160879364
4396,-0.0019568789796577946
1632,0.14649020594041318
4514,0.06622857086284295
3965,0.2009706313687012
1157,0.1683005246267708
740,0.028442910417559197
4345,-0.6488929572022109
1198,0.570436403515906
1048,-0.12105320467043779
2616,0.4056497440653857
1124,-0.49631413814007175
151,1.0872077093076609
1194,0.39823258250891413
3397,0.24451110182805635
3339,-0.24314892013326528
1212,0.4318638872553757
2966,0.9347022066912611
617,0.8301549228536551
3128,0.06463251982652807
282,0.6772849826126919
4121,0.4453534469845062
2522,0.6078131701015108
1460,-0.964812292974953
355,0.06786948356831335
4630,-0.07742919670806003
863,-0.0845816311722043
3379,-0.13973173447665843
2494,0.11022879161892529
124,0.49388863711195974
4186,0.8119404813959319
3375,-1.1547786725044613
3156,0.010397291296502686
1372,-0.1942734964347297
1345,0.851299573234412
4871,-0.08776714375007
1296,1.053382209387144
2228,0.0410091509664019
1900,0.3717422467284237
3736,1.293722345686498
1165,0.7521731541394239
408,-0.05727424456410635
1535,0.30804778659557996
3318,-0.5731626120522249
2702,0.6586446319792119
4485,0.45073737320549956
4786,-0.761672113948948
3447,1.0426835333366844
3640,0.47242564498572737
3557,0.013954718061248705
4457,-0.3310316974995784
2461,0.2088206404667794
4296,-0.3754383924410236
2576,-0.14010943984643554
3130,0.5147345996097235
2634,0.33579927386191244
2394,0.23158471308226591
2045,-0.039920637393091596
4061,0.43169514002082376
4923,-0.14050502652201047
4727,-0.6194998713954654
3681,-0.3632260953157056
519,0.5180975912653762
2020,-0.28364270969879435
302,-0.7513531763992036
4041,0.3231676594174635
4613,0.23007506081701834
37,0.1645774968970839
4942,-0.25017247258346664
1508,-0.2265318616213987
2146,1.0898772214242571
4052,0.2539506194877923
411,0.6597623921369102
1013,-0.2844897277411196
665,0.03530116864911825
1934,-0.011027072938096794
598,0.26262959687204557
4100,-0.2887797573177302
3949,0.04245094109627612
2902,0.4647102360630191
4380,-0.4469412545728071
868,-0.43560375953095054
2714,0.09415695070135577
459,-0.9486186135414965
3322,0.40010375462663905
521,0.6820306252487134
2900,0.437213438424223
3643,0.8046576325595405
340,-0.14261291280759103
162,-0.5147000546751883
1538,0.6591889619667279
3414,1.0657868591754758
3880,0.6386414622521928
1627,-0.08481859877159348
286,-0.12153512289795554
4420,1.1638056468756997
1501,-0.37154770715063723
4419,0.5054777240631863
1429,-0.6190465034939141
241,-0.255905007485663
4793,0.35048902855649366
1802,-0.24789772836677937
1162,-0.24859011707997158
453,0.35080531441896134
1821,-0.223610928433005
140,-0.18560562183662466
1628,0.805399463343055
4006,-0.13281591433798035
674,0.12238801667397059
1069,-0.8571612117602943
1236,0.2762957914375086
1151,0.1573053106558806
542,-0.18647977201534083
258,0.6280378545500174
3229,0.9286475489578523
1484,0.6075655158724595
55,-0.11688664857520337
422,0.9775392832845169
2200,0.01879809417136702
2635,0.6628647872069289
414,-0.5532635247233628
1646,0.18484763977665875
2807,0.7428713071635515
954,-0.35525289433573715
3402,0.29455743483832286
4213,-0.40481498102620606
2000,0.7479517254640964
4352,-0.59153287380627
1251,-0.4025217436533275
4957,-0.4601472457145537
2025,-0.5579437813985342
1181,0.15315207335464187
2569,-1.2369887033077571
985,-0.7524269350769188
1465,-0.6111953421793483
106,-0.6897665493129024
4600,1.288688077747544
163,-0.10515126478684866
2440,0.9190354627802959
2472,-0.18056891065681668
2882,-0.17608572913794163
2830,-0.19964917413723793
3508,0.38336109505067206
1526,0.006041775818635742
802,0.20871523738640363
1505,-0.500266524769267
4654,0.4186140135194947
290,0.0656954162108061
974,-0.201356567345937
3105,0.29100350109222717
3757,-0.5338074464594715
135,-0.21926533783339064
1645,-0.06283675486535678
1556,0.9008069902049156
280,0.679971233241746
599,-0.0776413621336891
1924,-0.05446212397644956
806,0.19163689261681327
1808,-0.1714153840624819
1076,0.1389426373454432
1261,-1.2906356944355801
3599,0.715928456621981
4912,0.1704781835071172
1028,0.9301121160608421
4372,0.5243730710712668
4322,0.03353466878256128
2143,0.202490313888382
175,-0.28490288791556573
1742,-0.42992224753329644
642,-1.200026699509638
2626,0.2660184146327049
3762,-1.11169278467806
4400,0.39750280674560035
223,-0.33761832352741905
78,-0.5447507640805869
324,1.1423130248410027
3896,-0.4672917381196626
3472,0.23441141331616766
1541,-0.27375917859883714
462,0.7453495701893358
2993,0.4722182223760196
3302,0.7332692814902257
1931,-0.2371275487185205
3603,-0.7463028475034648
4152,0.16584054673725568
4530,-0.014675047094928395
1240,0.01643991731615113
2441,-0.6413598808513443
264,0.667083938626222
3669,-0.024321570459191477
4473,0.45519324106045556
4911,0.2343046254976544
376,-0.9309801770119641
3280,-0.057086143976811776
1264,-0.44386900272411367
491,0.16852125068614754
3563,0.7778416572163556
4164,0.87203741527739
3424,0.6411339313045019
88,0.7260860059599548
4503,0.4789548255315159
3046,0.3409170302681117
4253,0.7318501327510232
4906,-0.19441301817439793
3809,0.06651961364589454
2934,0.14767940585009676
1073,0.3920389964941169
3207,-0.5614800319549182
448,0.06605891027794986
1749,-0.32117446977570285
4848,-0.5123265085821176
8,0.6959890358683678
2105,0.6734216262626953
1202,0.10999381627894156
1670,-0.28671860686792083
4560,0.7958394237256101
2067,0.17314187913099932
1753,-0.16209776601212322
2632,-0.1683625896366454
1842,0.35081594707038644
676,0.055731837300160514
2744,0.07645008111429252
2459,0.09669968086663872
4999,-0.17903101473182037
2351,0.09460837916420672
4641,-0.6800181963843412
526,-0.046371243520670014
3052,0.5949939776739761
3199,-0.14373643850545026
721,-0.17844585127670864
4505,0.42681493787104063
2877,-0.3850152974557517
3028,0.29540453727002003
1433,0.6352331245826832
325,0.34193835243322823
1874,0.8649511367099363
3520,0.3109148549655778
1784,0.3267176932325073
4824,-0.23496789622991976
4930,-0.37295188222740183
503,0.9556238576207461
4795,-0.6143673325316428
2026,0.1463253718989268
2656,0.28657628256470513
2193,-0.9794807903806806
2696,0.8576790492944086
2935,-1.2328645569559606
4101,-0.688816742370185
3250,0.4874720244452293
3714,-1.8443126709875557
1744,-0.5248043660449158
3712,-0.997291905486672
2949,-0.10839763087821641
1410,0.594031272367495
3516,-0.6921069734722698
4983,0.0036396562268876664
3543,0.08072151783186676
1091,-1.9319504571073667
4042,0.13100818315701623
4198,0.2980815402347661
3797,0.4803538286244686
2292,0.22304344812670784
4323,-0.28594825983728445
4781,-0.3408073185830869
2888,-0.387861024775348
4021,1.2546745213763124
3812,-0.8533906077828348
578,0.10042553310729829
4261,0.3838291549842969
1355,0.26714837384613066
240,0.010481006039793073
3578,-0.30815846636028166
2806,-0.3167355262430096
4717,0.19908925866649696
4522,-0.38659577184393523
4340,-1.233271191199857
274,-0.16225866437043912
2392,0.040489477319754386
4408,-1.3581234545091263
4669,-0.595986666176362
2103,0.6741460005731517
205,0.5315736966430418
907,0.08365256029298962
3193,0.3193955699193385
165,-0.8085918730001378
4326,-1.0382936325989807
1210,-1.497186052647261
3533,-0.28383632635053413
3489,-0.2354213384528112
692,0.08351056027930426
67,0.24073409786488664
1610,0.3980776043218013
2444,-0.018957973898690028
83,0.19863564551297408
57,0.5209639551158407
3732,-0.22724533933743096
4822,-0.25644004249605157
1349,-0.26296042735025527
1021,0.018766550478722444
2717,0.6954332606546769
3237,-0.24987325324956977
1752,-0.08734284803836267
4168,0.6821436225931974
181,-1.6374561204262648
1857,0.10433366253007303
2987,-0.7992275295413416
4257,-0.02628638788462556
741,0.9331743143240443
4117,0.24779015939814641
2225,0.31763356626071193
4544,-1.1901983748043072
4053,0.31226942323642337
1709,0.5263064758033336
3721,-1.0624489616220867
1447,0.4379207277739381
2651,0.6167831138910573
580,-0.4640377461148759
4084,-0.3142283648841726
962,-1.119829542550793
4631,0.5629227789679963
2353,-0.4841503749728284
1512,-1.0010814509749233
1634,0.0027658569608766115
3259,0.480049139356157
1870,-0.1885179985949641
2518,0.07604271634703963
1965,0.05212673357566899
2571,-0.5573620172881144
4936,-0.8961752291963565
1695,-0.12580310220951585
3357,-0.460546192229903
1893,-0.7713435393979085
1830,0.49384335309342564
359,0.043569780271781156
2991,-0.815504152649325
2817,0.679371848423064
367,-0.46161027413189526
3487,-0.9942220481315429
2043,-0.04763902670593545
2553,-0.5379173037782268
3542,-0.6814103445399908
2,-0.25968567301518863
1925,-0.6566339260612564
933,0.288936731546503
1985,-0.3236089423266524
747,1.399676664297064
3756,0.2894887731860756
4402,-0.44712010555545234
531,-0.04424274365548353
1937,-0.43396631212643655
2248,-0.49478605940944487
3470,-0.1577758124837807
391,0.15192956056204476
3140,-0.33562235698336185
1307,0.2266378899730892
3791,-0.09264169556211144
572,0.08943485668764772
3878,0.30423323557899895
2956,-0.2319175854776523
1730,0.6378895882675266
2172,0.7320502688468702
3067,0.8740274531547909
3981,-1.3167242188674884
3601,-0.14439472707008694
4602,-0.06745236286244172
3664,0.04729429476793179
3834,-0.5273154954197823
3055,0.6432021714989791
4970,-0.023392816647735515
848,1.0123256987160838
1631,0.8143559579814372
1184,-0.5426248789665795
3102,-0.48978458248331425
4816,-0.6920434002230333
3162,0.14685687511834722
4893,-0.552693273412193
4001,-0.36238055853184026
2365,0.11861455357466788
1641,0.4726670522359857
2037,0.42344650003202045
2462,0.6594016302888672
1528,0.09438908466341989
3079,-0.23773758970108183
2920,0.0610586054857265
3434,-0.10607364423199872
51,-0.8829871280907122
3262,-0.21087169608549683
2293,0.10712263667267408
3173,0.7901271760550923
2575,0.47618843597839255
1560,-0.4775348559526602
201,-0.296505905263043
3786,-0.9540293053716038
4746,1.1843539701270425
4092,-0.7045884820395827
4228,-0.09310281735890946
3970,0.10911573956699971
1876,0.24822469067394337
1958,-0.5135272415505607
2021,-0.3997661032424915
3088,-0.23574920193043614
4583,-0.7549459651611192
1718,0.09083259852151926
4815,-0.2638998904107952
456,0.19425708876462355
1550,0.258912025495178
4917,0.09208045890519045
3623,0.49373936332496626
1976,0.02599280514757396
1911,-0.24134914696506105
4661,-0.04075075125398708
2278,0.28671966368021895
2165,-0.7838445913761038
2410,-0.7091528215887584
2844,0.07902899919923811
3271,-0.8058016734621489
4034,0.036471807112092414
2449,-0.9018354003644067
2387,-0.5696685137480157
3315,-0.8957349565207009
3359,-0.8590802506611395
4836,-0.05876189823979683
4444,-0.13851330158432873
1826,-0.13174830510165592
4962,0.2958505135098166
2385,-0.059175769663901256
1921,0.24328666124335374
2618,-0.2659347010723945
2860,-0.8869312052563956
4264,0.005473213023748258
4688,0.23636519537030232
3634,0.4631545329892113
300,-0.5143221709730472
4909,0.49498924284317614
2065,0.6219926719868605
4233,0.497049068695131
2421,-0.11586684432683558
4667,0.14239726858731228
4751,-0.007148697151738048
1787,-0.005300104689706764
2527,-0.5634131780456073
2224,-0.04830400551642722
516,0.8734084640673361
1682,-0.2803961066698406
3728,0.35274158727265004
1517,-0.8606340111546338
4439,-0.4844440510364425
4947,-0.7971041492120996
2466,0.30958695602841235
109,0.8677911968738314
2447,-0.006627503650586064
4920,-0.07725044516898816
1951,0.40195164690800755
3946,0.10498484555629961
3976,-0.4110627755499259
699,-0.432726962994173
4105,0.5433397259939037
3800,0.3422808520380416
4543,0.3101507366519023
1950,-0.6518375628398028
4472,0.8411873522307411
1601,0.6809585976694219
1214,0.8130453356516636
3444,1.2836790813124423
1862,0.2072689611908185
1267,0.06745586756626132
534,0.3363905354831891
3591,0.3374020742062491
1444,0.19356170932537253
4914,0.5340091007137069
1149,0.6741580277639088
2212,0.2692280322434435
4229,-0.07138377123853967
507,0.115963333173708
754,-0.19585233684210746
932,-0.034347362407206816
3526,0.23586793207442192
4937,0.00651563012797407
3592,1.051283348042121
4356,-0.0968392772087654
1928,0.3294843004358583
1359,-0.027447079259528273
636,0.39706711343112744
592,0.707078815163527
1562,-0.4256675221089745
4899,-0.5577517626733943
4188,0.6161555013838562
688,0.6225610882904311
1946,-0.09230466578287633
1910,-0.5117302041973684
3600,0.07699346358191672
90,-0.5293600691963647
1350,0.23712476208513156
2110,0.5531586792421885
1081,0.6476845697186313
3364,-0.23403023375418996
1803,0.6849342418119218
99,0.2529164244470561
2435,0.5442140069256309
3093,-0.3028976291863561
442,-0.4223718588418919
1919,-0.05210382718656881
2670,-0.25411527876759976
3136,-0.5519701642811317
705,0.1835552769961124
930,-0.5249440426231065
877,0.6888019418630096
4094,-0.9033274847771349
3186,-0.40117760257932567
2170,0.08539642897519872
144,0.49986075763263926
4540,0.36877801706818314
4476,-0.6508843464046459
4137,0.4355789535003307
1575,-1.5874950168836923
2262,0.31241726651254087
2745,0.0862555012909203
786,0.7625908485025921
1339,-0.4563534858763427
4803,-0.09155641694280714
4672,0.2754240567835904
3942,0.914577157015585
2729,0.022876685906529914
1585,0.265375564792091
3614,0.6319107848634324
3291,0.919620580563973
2267,0.17913240363318295
4865,0.3074504983663999
1960,-0.06055393083283711
829,0.5959656337189916
4932,1.029466023744905
4504,-0.44418924847685215
619,0.44558754801643197
4527,1.0806044827520802
1899,-1.075298871562901
1885,0.49235036457539216
377,-0.337864225904716
291,-0.4360519583334046
2222,0.8469258883854422
2608,-1.296139755016335
570,-0.3484795274601238
810,-0.10765838860721644
3277,-1.5276788469141374
2393,0.8183541688828972
2836,-0.455335160475693
1782,-0.8400678504730807
3491,-1.041314974293785
1763,-1.0830094659341603
3686,1.2752454332018042
4894,-0.14221475893835223
2052,-0.03970770186221184
3035,0.10847986469241722
23,0.757490656311262
4897,0.2780031329341055
3924,0.034324526864147664
2784,-0.5844157567556625
3027,-0.22861866362549943
4145,-0.20942145616705332
2994,-0.448919752146379
1297,0.4699461716325555
480,0.06300167851972649
3823,-0.3678171766114646
2887,-0.33591149784449836
27,0.18550512206572822
1348,0.18724947871292397
1357,0.42381410762360705
3897,0.03830958479982449
1311,-0.8067494205701742
2223,0.3544637365897625
567,-0.22886703420249344
3437,0.8020800066551699
2588,-1.2985348725746535
1190,1.0655857615532813
3440,-0.43163499613257983
1487,0.0383675027253263
3303,0.18090221263220574
4552,1.70030256697357
1716,-1.7583906953220527
1141,0.6754493317220867
1197,0.7285987328369687
2171,-0.3210368109669064
4374,0.5532586844285499
3841,0.8449068860038036
3871,0.21659388665122137
4821,0.37967989832212723
4106,-0.02961558025211275
2777,0.9308070620417892
1419,0.280975847117789
1904,-0.13998532339126157
782,0.4083531318368525
3767,0.02866049676450011
4674,0.361484494301898
1977,0.8617736411197319
2239,-0.31485393391474226
1687,0.44944407468930336
1679,0.8039091492341113
3840,0.6743613107231798
2643,-0.842884486541708
1393,0.11640119773776902
3218,0.39368855514397083
2489,0.07125833219734012
2192,0.602245377302717
1614,-1.1521433941445212
760,0.032306420198996655
1056,-0.430525392845281
1944,1.4523342383623579
3267,0.1855120506724921
4017,-0.2579076652468322
490,0.4936070476558241
3781,-0.6881961419394385
1470,0.3386890238912663
2379,-0.8683562718899829
3717,-0.31594518160831164
2408,-0.20098619280767327
4810,1.2055526070508042
3349,-1.3982245460481284
4266,-1.1599148441207845
272,0.486539825422061
2130,0.4480024693194462
2372,-0.21619675884048117
1163,1.1545141936096712
1858,-0.8456005872052694
1705,0.2902073524779416
4705,0.5210567299476478
4924,0.06902695464675812
4203,0.33658473486386864
4065,0.5597468346107339
2584,0.5114584228246359
1735,-0.322304325875848
4365,0.15878743482387314
461,-0.10994082338867628
2122,0.8480840728277119
2452,0.8913631345422619
4734,0.018026662250296255
492,-0.15396197413563062
1192,0.2004135366526567
4628,0.03925966811874826
1431,-0.8468555965638478
739,-0.7524237937917571
70,-0.5046713612349167
3835,0.6097350731159894
1816,0.20602630707386904
2275,-0.5688548482264411
4775,0.1804525891842621
2074,-0.5790441952918295
3,0.45990459234597125
4874,-0.4557304183137729
3451,-0.9364953512229048
3469,0.10928588889993485
71,-0.18517941398282556
2623,-0.6843322764610171
4433,-0.4831597040730884
4417,-0.1995887222071815
505,0.9123460498114007
3565,0.041578025518107076
4307,-1.4390389991940715
3119,0.11552291698330652
22,-0.14590482844502262
4744,0.4146287100736439
3425,-1.320275859148441
4113,0.7102403142897824
1835,-0.12345893606339331
2329,0.3646509005316938
1948,0.6301626790403452
2402,-0.2596593358852335
625,0.26591662160312435
3926,0.5761767007047327
1776,-1.4549018513267118
4903,1.0980300354372687
894,-0.53788016031395
4072,0.7196500615395376
363,0.5526509197877338
1935,0.19729239173994984
4655,0.35948801625171
199,-0.5969247621959823
4459,0.22107244805060322
864,0.25319312482434597
3309,0.20553020990733284
3058,-1.0566143803013386
4991,-0.12157810012517434
3166,0.6973557254344014
3135,0.3971157178529756
1539,-0.5472541828585662
430,0.295978387215591
3693,0.04917549120658293
3017,-0.3890477667135963
496,-0.7765471994144315
2268,0.21432388557018545
2757,0.5818419314986993
869,0.3899656317908695
1978,-0.04446949463179273
873,0.33991783250376173
690,0.02140738562533162
3707,0.40172331554710006
4819,-0.769125411953997
1686,0.4751115392167078
1836,-1.4418638070262588
2866,0.6454115084348908
3750,-1.6687961981604493
3313,0.806858389485309
4877,0.24912034973756292
232,0.49555562869850256
4571,0.6696934234352723
341,-0.3313670006405198
908,-1.148399413261949
3204,-0.7330202124373351
4039,-0.04242627037235014
3545,-0.9990961040588413
1367,0.5624351956370708
2302,-0.025052167771304923
1966,0.5854232589944921
3355,0.123464014280521
4670,0.31092373531563666
82,0.5500704958925011
677,-0.06249316262016258
2027,0.374305674805707
1861,-0.24722800589545812
2513,-0.09618774932598306
1992,0.3536575720656314
4730,0.178827449439102
2712,0.41962760985196557
622,0.1737370649525296
2793,-0.2020755343714562
4474,-0.011940881388749602
4334,-1.2555316393551044
2169,0.5653144098508447
1494,-0.12558918853608603
703,-0.1316697747620612
4972,-1.6701880302595926
862,-0.2531346002238868
3899,-0.47257054924545105
2741,-1.6765162888190686
3624,-0.22564326219565345
3427,-1.6642789707399288
2969,0.6395280482657304
1507,-0.46958726712946497
1873,-1.2906296609711494
4313,-0.8619316297969091
3891,0.28898399305112044
389,-0.9986787750899078
1734,0.387809386906957
3741,-0.048965999249028336
762,0.2900026327591245
3708,-0.30580733217678535
1406,-0.026349607721524393
2884,0.8030130716948563
329,0.46912893567886194
2397,0.6194436353517521
4517,0.2264854893618189
3753,-0.7291466203134869
4118,-0.2811876681564618
34,0.12646622022679566
3348,-0.4846250757674966
821,-0.2536116287639567
1438,-0.36696587238821987
287,0.4683530264810054
2414,-0.6332107297130722
4955,-1.2052176526567981
3943,0.15803378587892158
4617,-0.5529832292419545
2161,0.4970536202094493
2040,-0.04416498093430832
1656,-0.39829579086892686
4102,0.07259855990372355
2989,0.43167101909346695
581,-0.3071143963143683
1104,-0.05390986649415108
2080,0.020849084287826614
2412,0.08862470313766568
1439,0.5907773055452843
1684,-0.25712122385326364
2240,-0.3055090043563444
1558,-0.21107598171077324
4277,0.17338427301210224
4310,0.6856812005269317
2533,-0.6226265882531621
1146,-0.46148712869007724
2856,0.4238731211166451
4454,0.6909028596614419
416,0.44937305769140856
3796,1.0482345396631692
1602,0.18855586344636865
3356,0.4121062619495506
4735,1.0059371078425743
3458,0.26223883444196083
2478,0.4512764027893059
2495,-0.040295492589867976
3518,0.7568171507779544
4806,-0.06304569530609516
3866,-0.581606699560953
60,-0.541702212386765
2255,0.3270351069308264
788,0.9148688779387877
1118,0.04020788329526681
4384,0.9816979187497328
1792,-0.21224572226204597
4104,-0.25558131449981314
713,-0.02688313372011475
3561,1.037747792787477
4614,-0.24572013671783832
4575,-0.006434031055882805
3727,0.7131372069673878
2301,0.8541065738990268
4773,1.5143996878792487
3881,-0.08684314160989715
936,-0.405104780546929
455,-0.4531746461956212
538,0.12230850023085438
874,-0.12467918060322347
268,-0.0586916116501488
3815,0.07729824308876321
545,-0.6118674320321027
2388,0.09123210360142142
4925,-0.3943975480558368
1551,0.28384235633382104
1258,-0.7844518470157311
413,-0.003259531745831268
4668,-1.3141993317990432
4011,0.2818462066770948
4496,-0.4418599033926496
3556,-0.16194789437593382
3527,-0.06292901847437982
93,0.41482609757335087
1524,-0.3343504895622722
1007,0.1629617118113007
2359,0.9880112021030261
2023,0.8980351932027641
2566,-0.4764184494504189
126,-0.5856517249709112
2201,0.42715382567677107
443,0.4419443805095975
4683,-0.29250792060017794
3132,-0.4144213689584184
2578,-0.5449956221528467
3095,0.32695579232987804
3860,0.655775920613757
4321,-1.4000600304281763
3072,0.16833039849422704
3656,0.15736475275570605
1649,0.17158331894027778
2483,-0.07760929131332528
2227,0.5669940603806074
1647,-0.037496749448623135
434,-0.4991340447083843
508,0.8276615258556097
4030,-1.087567542288041
32,0.35656576437795806
2378,-0.09084753596156858
2072,0.15861602794613017
4295,-0.40732253074907554
2880,-0.8661737119275701
3895,-1.5853925411787122
3367,0.06265383152243231
2819,-0.8499274965753116
180,-0.4849791983190137
2871,0.5782592023526014
1282,0.22097060463959917
4950,0.4395469424714298
2046,-0.8062717397478876
4360,-0.18844832345021878
2174,0.467377488066794
4391,-0.15184036972214798
719,0.051470615635316186
3892,-0.5478763453109048
295,-0.7013572215404249
3963,-0.8166756111174411
794,-0.3493573927057314
3665,0.40248873586727374
4591,0.15034227223683594
4201,0.7005033711784421
3143,-0.07122478360398432
3306,0.1980041808085362
2395,0.6221676732350527
922,-0.754535443750453
4007,0.029958870757019973
2467,0.33509140985867436
2557,-0.07332258133336644
3121,0.6593541431441352
1326,-0.2152203873405254
4756,-0.4087911605573442
3273,0.13362221805347918
915,-0.3993683197734885
1425,-0.5018798952049455
231,-0.4593036411268603
2778,-0.5631254151590799
1474,-0.07400396054183211
1221,-0.2560881010809979
2751,-0.08127656533058403
2917,0.04778181270496429
1100,-0.11901468496071477
1257,-0.6170187646848824
1888,0.15271666351824287
1922,0.5690669964815402
687,0.564342630408329
4828,0.27844148454506534
2599,0.3395374004980276
2795,0.5909024164695698
4063,-0.22317243403938658
3092,-0.23109116448053957
4636,0.11064472505827894
4028,-0.04945222324460552
2625,0.10074809863429035
89,0.15152061365464675
2446,0.11997070630856577
113,0.6487829254227178
1235,-0.018565321234564003
3476,0.9956953344587038
2936,-0.2346483412256264
191,-0.9893748515430936
3839,1.0712855930826972
2341,0.048100602319850694
2945,-0.5864859467183656
16,-0.1947571052140349
4792,0.4194708207014033
3295,-0.286627517502418
4344,-0.21653769899956643
3261,-0.3015327829506891
3463,0.3229905258792849
1760,-1.28852116312303
4166,-0.18689129190119314
2747,-0.21651718074034854
4254,0.22246951034822526
1557,0.7695906236825882
2159,-0.22917129987133134
1755,-0.9323545898848282
3178,0.2858825373344587
1871,-0.7926036912725243
1759,-1.0136819515599438
3486,-0.5353283087924918
1312,0.36590051161242076
2425,0.48880240969004785
2999,-1.3863814251287776
4050,-0.6987462786352152
672,0.20543432104168158
3310,-0.10933450184284865
4462,-0.07107596339901256
3034,0.06899926367114073
4610,0.3229320475919284
1248,0.17391534801914066
1794,0.04489077559423027
2213,0.8698399992320835
2654,-0.08215003099066465
1662,-2.0945348163421427
1128,-0.2522301679199268
3200,-1.3571971647306498
4973,-0.5685143235771672
3918,0.21969740210554534
2289,-0.34381732589554037
845,-0.183410470610454
3655,-0.68102020505646
2010,0.6631500251336959
3940,0.4429663672859938
3078,-0.05680498302250836
4736,-0.04490499604150244
1427,0.2275038472861004
2270,-1.3140861143261295
4645,-0.714895468567585
1105,-0.6729585133565932
361,0.3530084816284491
892,0.3728624322987324
2574,0.4935958170939303
4541,-0.11274438139460052
1061,0.00294154450968076
4576,0.3775015659582097
4721,-0.08129125235604917
14,0.3590512755552302
2666,0.16432719588848332
1543,0.18666614921448144
1378,-0.6283697425838888
3622,0.3519774510989153
3539,-0.7214808996800093
3084,-0.4758796732776993
3230,0.23006945505309506
464,-0.036014393396873956
3358,-0.8538017297219289
4501,-1.1826889635745568
2490,-0.9385158723661222
4550,0.03782943534733452
4725,0.03518544081621755
609,-0.21753102259084933
2637,-0.5677031903857559
133,0.06000368430896863
4097,-0.20553800428283253
293,-0.923621380722432
3101,-0.33157413580276973
3406,0.4056039319577627
3573,-0.12975101903703923
4679,-0.19070350093443178
3155,-0.026369280392956718
881,0.27964679159859074
3875,-1.1443250308049295
2944,0.22600777220027357
2543,0.7345655541168368
330,0.7277942747561834
2009,-0.24985913127363535
4149,-0.6065374768838856
2838,0.4878516181402892
4584,0.6413534925685447
1594,-1.4191017082937565
1639,-0.45938502353580546
544,-0.602037273809926
4245,0.16164456926584858
1771,-0.0947984486792599
3668,0.8319905914776964
3054,0.14622103173048462
4590,0.39167630755176486
639,-0.02072796052525483
2512,-0.24370380422940663
2191,0.37239183723399183
1150,0.36294163059043427
3224,-0.08864647327228248
2800,0.4542417917188022
2640,0.2869461921012224
924,-0.6518818951908276
2878,-1.3835566172965903
3086,0.07984820701952966
3831,-0.6451055066732554
4343,-1.2106460933225973
2621,0.006507685341768266
1132,-0.16447483942082997
3047,-0.21046662118618542
604,0.12302019890425431
3116,1.1521488251100145
744,-0.28357733844460054
4927,0.0358118149966975
2216,-1.037906441532682
2185,0.20826711902811823
3026,-0.12922080635605226
3751,0.9347022066912611
1891,-0.35449099072718404
454,-0.11494180872531423
2567,-0.37063997561310824
3393,-1.016634122060423
3651,0.48345554880640496
4451,1.1614827070037235
1305,1.001995909450219
757,0.8565263601277513
4807,0.4041496894614669
194,-0.8541380199502298
4761,-0.44128317233735714
3377,0.8062912592222506
3365,0.10401736634809833
4386,-0.01575168594910803
731,0.6999879470687658
1968,0.09694963755425778
1795,-0.1700712618592357
1764,-1.1686345205705395
3082,-1.0185310207428655
4418,-0.06656813262506489
3323,0.5272149710702019
3465,-0.3424490064883763
2684,-0.4474075607406576
2721,-0.2810942931155429
2620,0.42588682991382587
2360,0.2895081197208542
4421,-0.3125196667049419
612,-0.042150979439450786
855,0.2633966139054742
1336,-0.4345305965476598
2480,1.0553021652286958
3574,0.012353899308680916
3003,0.6191176793029625
2766,0.06835555273715865
4355,-0.1836682141117123
3579,0.503220895976173
4718,1.1584010729234322
441,-0.5059647722023373
2843,-0.4724228249218534
281,0.10908174818826044
407,-0.3057642185560674
4538,-0.838431310899435
2947,0.06185689952322537
3978,0.3688604619992022
2507,-0.23355558867981951
2140,0.45014663647716446
1675,-0.31160983554413146
1731,0.16076875070406071
2622,-0.39541877301405925
4992,0.850548140683089
2551,-0.25318970514070926
4022,0.5068481670445477
686,0.7721932109077132
2523,0.1263410679361181
931,0.6262116857773474
557,0.6806124466897305
3429,1.182540246323164
2610,-0.05679624188730248
2657,0.6315462087998549
4293,0.44541711425831654
3287,-0.4124867776367367
4846,0.35352274249391247
17,0.2042402202488116
2563,-1.2885529758631762
481,-0.3252195056721501
4671,0.0244075010066096
3512,-0.7996447515075253
1230,0.7742317589756214
3329,0.2251582008114159
763,1.038382635000378
1452,0.16494238034551056
4231,0.010755910813854186
1521,-0.864726857813511
4731,0.7679637970933388
1514,-0.5085263684676002
3737,0.40110726778698336
460,-0.18781712101934556
1994,-0.29685135531893003
3959,0.43622268429763
4648,0.8289984707297675
4486,-0.19720931423239652
2056,-0.8621574500033491
4173,0.48097252871113216
2810,0.41771894551327815
424,-0.6357640658514523
1401,-0.820224462660816
2528,0.6231162971166864
4004,0.30711471475746066
4436,0.26798091457703066
1343,0.5965971316402747
4508,-0.33582827784592517
4184,0.023097567270983888
998,-0.22383801116074586
3719,0.0439375016856296
819,-0.9574218053665016
323,-0.3899563738647709
1996,0.7076854026298633
4862,-0.5084488869396901
3956,0.6321966607715286
321,-0.6219203569663048
2108,-1.079161483295417
1510,0.4875252768894951
3933,-1.0283219215745358
836,0.6527844616986247
979,-0.06271398829108232
3997,0.6172253667342122
1443,-1.2402031236381967
3505,0.31166336684851625
3373,-0.4333725461282638
4989,0.23540656166356477
3387,-1.2958958176129967
271,-0.41549594796376965
4142,-1.5020524722732027
1133,0.7271714005928933
1669,-0.27432486850608484
4112,0.9333103745921179
2541,-0.6273777185523421
2863,0.13264263677901766
2241,-0.7369282804325197
4977,-0.19488448695582772
3700,-0.8990908702030573
867,-1.2851460550207285
3914,0.10267712192555756
1902,-0.0015050727887038207
4029,0.09715176145307236
2854,0.41430945032995226
2587,0.8056349027778049
438,0.0763002057262252
1222,-0.008862133187390597
2937,-0.5310541315271209
1038,0.18752483490053962
1111,0.47444835960826026
262,0.20793431837489607
1246,-0.2609063802073681
3064,0.31356196267299286
4851,0.5014429836146084
3331,0.15046619090908653
4099,-2.0313645965131126
1513,-0.44854069945044994
3687,-0.5728535233281011
2521,0.31796941754078123
2709,0.3444507970923576
4235,0.058568200053548125
342,0.6619203363817983
2011,-0.048152216836614414
1537,-0.6590085714591787
3537,-0.05333824622981709
4626,0.21633388606046644
1329,-0.32026263724883464
2004,-0.5036159961748377
695,-0.5158692317812914
1381,0.13799749245801785
3258,-0.5933359991212939
555,0.9715197133100197
1153,0.5353892178728108
950,-0.06979791237270039
4043,0.3183409281388494
4455,0.4843855089482556
3316,-0.3096891037658436
255,-0.5854900877676243
390,0.9380360535099399
2768,0.34945611630182505
3226,0.642995377384799
371,0.5000784132524236
1389,0.4214262114708047
4975,1.2559421918525118
1789,-0.011560272717915154
4507,-1.0251177871851418
4242,-0.3529533314231248
3862,0.7402871516530114
1418,-0.3590142463438166
826,0.09973023418108706
1442,-0.11711785650864126
4939,0.4123004027801995
2624,0.016624891105340822
837,-0.13565276463711928
4202,0.6746113316319837
3971,-0.6038359894237253
1704,-0.6827252864612356
588,-0.5357135017484991
2338,-0.3589374855451819
4958,-0.23296903194081153
3702,0.8153531085904824
4309,-0.15582112015785654
3937,0.21357718036026174
1382,0.5709545563323255
3252,-0.6929699667273859
2428,-0.5833540508456414
4195,0.9817270676310867
1897,-0.49837945871375755
1159,-0.4530562375417766
4997,0.48767531817904075
39,0.06184025298479323
2050,0.34375991153052876
4547,-0.06636861932485338
1847,-0.6960511793865578
1092,-0.206931227489358
3325,-0.4885058702761036
2894,1.1631309942627635
1363,-0.3731708322177365
3481,0.046284178622518546
111,0.5803647627855231
942,-0.825278189369409
4169,0.14834198764137518
4143,-0.43232859813583957
96,0.8755616516614522
1593,-0.21520431409445173
4060,-0.46686995677511245
1346,0.4726870771888949
3454,-0.09249275986335181
3582,0.5737128735064285
